country region code,country region,sub region 1,sub region 2,metro area,iso 3166_2 code,census fips code,place id,date,retail and recreation percent change from baseline,grocery and pharmacy percent change from baseline,parks percent change from baseline,transit stations percent change from baseline,workplaces percent change from baseline,residential percent change from baseline
ID,Indonesia,Jakarta,,,ID-JK,,ChIJnUvjRenzaS4RILjULejFAAE,1/1/2021,-46,-27,-51,-61,-73,22
ID,Indonesia,Jakarta,,,ID-JK,,ChIJnUvjRenzaS4RILjULejFAAE,1/2/2021,-39,-15,-50,-41,-33,11
ID,Indonesia,Jakarta,,,ID-JK,,ChIJnUvjRenzaS4RILjULejFAAE,1/3/2021,-40,-19,-58,-34,-15,9
ID,Indonesia,Jakarta,,,ID-JK,,ChIJnUvjRenzaS4RILjULejFAAE,1/4/2021,-29,-5,-50,-39,-32,13
ID,Indonesia,Jakarta,,,ID-JK,,ChIJnUvjRenzaS4RILjULejFAAE,1/5/2021,-32,-9,-53,-39,-33,14
ID,Indonesia,Jakarta,,,ID-JK,,ChIJnUvjRenzaS4RILjULejFAAE,1/6/2021,-30,-11,-52,-40,-32,14
ID,Indonesia,Jakarta,,,ID-JK,,ChIJnUvjRenzaS4RILjULejFAAE,1/7/2021,-31,-10,-51,-41,-33,15
ID,Indonesia,Jakarta,,,ID-JK,,ChIJnUvjRenzaS4RILjULejFAAE,1/8/2021,-28,-9,-44,-41,-31,15
ID,Indonesia,Jakarta,,,ID-JK,,ChIJnUvjRenzaS4RILjULejFAAE,1/9/2021,-38,-18,-58,-39,-20,11
ID,Indonesia,Jakarta,,,ID-JK,,ChIJnUvjRenzaS4RILjULejFAAE,1/10/2021,-32,-9,-55,-34,-12,9
ID,Indonesia,Jakarta,,,ID-JK,,ChIJnUvjRenzaS4RILjULejFAAE,1/11/2021,-32,-12,-50,-43,-34,15
ID,Indonesia,Jakarta,,,ID-JK,,ChIJnUvjRenzaS4RILjULejFAAE,1/12/2021,-36,-17,-54,-44,-36,15
ID,Indonesia,Jakarta,,,ID-JK,,ChIJnUvjRenzaS4RILjULejFAAE,1/13/2021,-36,-18,-53,-45,-36,14
ID,Indonesia,Jakarta,,,ID-JK,,ChIJnUvjRenzaS4RILjULejFAAE,1/14/2021,-38,-23,-53,-48,-40,12
ID,Indonesia,Jakarta,,,ID-JK,,ChIJnUvjRenzaS4RILjULejFAAE,1/15/2021,-36,-22,-48,-49,-40,13
ID,Indonesia,Jakarta,,,ID-JK,,ChIJnUvjRenzaS4RILjULejFAAE,1/16/2021,-39,-21,-53,-44,-28,8
ID,Indonesia,Jakarta,,,ID-JK,,ChIJnUvjRenzaS4RILjULejFAAE,1/17/2021,-41,-24,-57,-43,-23,8
ID,Indonesia,Jakarta,,,ID-JK,,ChIJnUvjRenzaS4RILjULejFAAE,1/18/2021,-39,-24,-55,-48,-41,14
ID,Indonesia,Jakarta,,,ID-JK,,ChIJnUvjRenzaS4RILjULejFAAE,1/19/2021,-39,-23,-56,-49,-41,14
ID,Indonesia,Jakarta,,,ID-JK,,ChIJnUvjRenzaS4RILjULejFAAE,1/20/2021,-38,-23,-55,-49,-40,14
ID,Indonesia,Jakarta,,,ID-JK,,ChIJnUvjRenzaS4RILjULejFAAE,1/21/2021,-39,-24,-54,-49,-40,14
ID,Indonesia,Jakarta,,,ID-JK,,ChIJnUvjRenzaS4RILjULejFAAE,1/22/2021,-35,-20,-47,-48,-37,15
ID,Indonesia,Jakarta,,,ID-JK,,ChIJnUvjRenzaS4RILjULejFAAE,1/23/2021,-37,-17,-52,-41,-23,9
ID,Indonesia,Jakarta,,,ID-JK,,ChIJnUvjRenzaS4RILjULejFAAE,1/24/2021,-48,-33,-71,-50,-26,13
ID,Indonesia,Jakarta,,,ID-JK,,ChIJnUvjRenzaS4RILjULejFAAE,1/25/2021,-34,-16,-52,-45,-37,14
ID,Indonesia,Jakarta,,,ID-JK,,ChIJnUvjRenzaS4RILjULejFAAE,1/26/2021,-36,-18,-55,-45,-38,14
ID,Indonesia,Jakarta,,,ID-JK,,ChIJnUvjRenzaS4RILjULejFAAE,1/27/2021,-35,-18,-54,-46,-37,14
ID,Indonesia,Jakarta,,,ID-JK,,ChIJnUvjRenzaS4RILjULejFAAE,1/28/2021,-34,-15,-50,-45,-37,13
ID,Indonesia,Jakarta,,,ID-JK,,ChIJnUvjRenzaS4RILjULejFAAE,1/29/2021,-33,-14,-46,-45,-36,14
ID,Indonesia,Jakarta,,,ID-JK,,ChIJnUvjRenzaS4RILjULejFAAE,1/30/2021,-36,-12,-56,-39,-23,8
ID,Indonesia,Jakarta,,,ID-JK,,ChIJnUvjRenzaS4RILjULejFAAE,1/31/2021,-33,-8,-60,-35,-16,7
ID,Indonesia,Jakarta,,,ID-JK,,ChIJnUvjRenzaS4RILjULejFAAE,2/1/2021,-33,-12,-54,-43,-36,12
ID,Indonesia,Jakarta,,,ID-JK,,ChIJnUvjRenzaS4RILjULejFAAE,2/2/2021,-32,-7,-52,-42,-37,12
ID,Indonesia,Jakarta,,,ID-JK,,ChIJnUvjRenzaS4RILjULejFAAE,2/3/2021,-34,-15,-57,-45,-37,13
ID,Indonesia,Jakarta,,,ID-JK,,ChIJnUvjRenzaS4RILjULejFAAE,2/4/2021,-35,-17,-55,-45,-37,12
ID,Indonesia,Jakarta,,,ID-JK,,ChIJnUvjRenzaS4RILjULejFAAE,2/5/2021,-28,-6,-46,-42,-35,12
ID,Indonesia,Jakarta,,,ID-JK,,ChIJnUvjRenzaS4RILjULejFAAE,2/6/2021,-31,-6,-52,-35,-23,7
ID,Indonesia,Jakarta,,,ID-JK,,ChIJnUvjRenzaS4RILjULejFAAE,2/7/2021,-39,-20,-66,-41,-21,8
ID,Indonesia,Jakarta,,,ID-JK,,ChIJnUvjRenzaS4RILjULejFAAE,2/8/2021,-33,-14,-55,-43,-37,12
ID,Indonesia,Jakarta,,,ID-JK,,ChIJnUvjRenzaS4RILjULejFAAE,2/9/2021,-31,-9,-55,-42,-37,11
ID,Indonesia,Jakarta,,,ID-JK,,ChIJnUvjRenzaS4RILjULejFAAE,2/10/2021,-29,-8,-52,-41,-36,11
ID,Indonesia,Jakarta,,,ID-JK,,ChIJnUvjRenzaS4RILjULejFAAE,2/11/2021,-27,-6,-47,-37,-37,9
ID,Indonesia,Jakarta,,,ID-JK,,ChIJnUvjRenzaS4RILjULejFAAE,2/12/2021,-34,-17,-41,-55,-67,20
ID,Indonesia,Jakarta,,,ID-JK,,ChIJnUvjRenzaS4RILjULejFAAE,2/13/2021,-35,-15,-48,-41,-30,8
ID,Indonesia,Jakarta,,,ID-JK,,ChIJnUvjRenzaS4RILjULejFAAE,2/14/2021,-37,-18,-57,-38,-19,7
ID,Indonesia,Jakarta,,,ID-JK,,ChIJnUvjRenzaS4RILjULejFAAE,2/15/2021,-32,-12,-51,-41,-35,11
ID,Indonesia,Jakarta,,,ID-JK,,ChIJnUvjRenzaS4RILjULejFAAE,2/16/2021,-39,-21,-58,-44,-39,13
ID,Indonesia,Jakarta,,,ID-JK,,ChIJnUvjRenzaS4RILjULejFAAE,2/17/2021,-32,-12,-51,-42,-34,11
ID,Indonesia,Jakarta,,,ID-JK,,ChIJnUvjRenzaS4RILjULejFAAE,2/18/2021,-39,-23,-57,-45,-36,13
ID,Indonesia,Jakarta,,,ID-JK,,ChIJnUvjRenzaS4RILjULejFAAE,2/19/2021,-30,-10,-46,-43,-34,13
ID,Indonesia,Jakarta,,,ID-JK,,ChIJnUvjRenzaS4RILjULejFAAE,2/20/2021,-38,-14,-55,-40,-25,9
ID,Indonesia,Jakarta,,,ID-JK,,ChIJnUvjRenzaS4RILjULejFAAE,2/21/2021,-35,-12,-57,-38,-17,7
ID,Indonesia,Jakarta,,,ID-JK,,ChIJnUvjRenzaS4RILjULejFAAE,2/22/2021,-31,-12,-50,-43,-34,11
ID,Indonesia,Jakarta,,,ID-JK,,ChIJnUvjRenzaS4RILjULejFAAE,2/23/2021,-34,-15,-54,-43,-35,11
ID,Indonesia,Jakarta,,,ID-JK,,ChIJnUvjRenzaS4RILjULejFAAE,2/24/2021,-34,-18,-53,-44,-34,12
ID,Indonesia,Jakarta,,,ID-JK,,ChIJnUvjRenzaS4RILjULejFAAE,2/25/2021,-29,-7,-49,-41,-33,10
ID,Indonesia,Jakarta,,,ID-JK,,ChIJnUvjRenzaS4RILjULejFAAE,2/26/2021,-24,-2,-41,-39,-32,11
ID,Indonesia,Jakarta,,,ID-JK,,ChIJnUvjRenzaS4RILjULejFAAE,2/27/2021,-24,4,-42,-30,-19,5
ID,Indonesia,Jakarta,,,ID-JK,,ChIJnUvjRenzaS4RILjULejFAAE,2/28/2021,-28,-3,-49,-31,-13,5
ID,Indonesia,Jakarta,,,ID-JK,,ChIJnUvjRenzaS4RILjULejFAAE,3/1/2021,-29,-5,-51,-40,-33,10
ID,Indonesia,Jakarta,,,ID-JK,,ChIJnUvjRenzaS4RILjULejFAAE,3/2/2021,-29,-5,-52,-40,-34,10
ID,Indonesia,Jakarta,,,ID-JK,,ChIJnUvjRenzaS4RILjULejFAAE,3/3/2021,-27,-5,-49,-39,-33,10
ID,Indonesia,Jakarta,,,ID-JK,,ChIJnUvjRenzaS4RILjULejFAAE,3/4/2021,-29,-10,-50,-40,-33,10
ID,Indonesia,Jakarta,,,ID-JK,,ChIJnUvjRenzaS4RILjULejFAAE,3/5/2021,-26,-6,-45,-39,-32,11
ID,Indonesia,Jakarta,,,ID-JK,,ChIJnUvjRenzaS4RILjULejFAAE,3/6/2021,-26,-2,-45,-29,-20,5
ID,Indonesia,Jakarta,,,ID-JK,,ChIJnUvjRenzaS4RILjULejFAAE,3/7/2021,-31,-9,-52,-31,-16,6
ID,Indonesia,Jakarta,,,ID-JK,,ChIJnUvjRenzaS4RILjULejFAAE,3/8/2021,-28,-7,-48,-39,-33,10
ID,Indonesia,Jakarta,,,ID-JK,,ChIJnUvjRenzaS4RILjULejFAAE,3/9/2021,-29,-9,-49,-38,-34,10
ID,Indonesia,Jakarta,,,ID-JK,,ChIJnUvjRenzaS4RILjULejFAAE,3/10/2021,-25,-5,-46,-34,-32,9
ID,Indonesia,Jakarta,,,ID-JK,,ChIJnUvjRenzaS4RILjULejFAAE,3/11/2021,-28,-11,-41,-51,-66,18
ID,Indonesia,Jakarta,,,ID-JK,,ChIJnUvjRenzaS4RILjULejFAAE,3/12/2021,-26,-6,-39,-40,-34,11
ID,Indonesia,Jakarta,,,ID-JK,,ChIJnUvjRenzaS4RILjULejFAAE,3/13/2021,-28,-4,-40,-32,-20,6
ID,Indonesia,Jakarta,,,ID-JK,,ChIJnUvjRenzaS4RILjULejFAAE,3/14/2021,-31,-9,-44,-30,-16,5
ID,Indonesia,Jakarta,,,ID-JK,,ChIJnUvjRenzaS4RILjULejFAAE,3/15/2021,-27,-6,-43,-37,-32,10
ID,Indonesia,Jakarta,,,ID-JK,,ChIJnUvjRenzaS4RILjULejFAAE,3/16/2021,-29,-9,-47,-38,-33,10
ID,Indonesia,Jakarta,,,ID-JK,,ChIJnUvjRenzaS4RILjULejFAAE,3/17/2021,-28,-8,-43,-38,-31,10
ID,Indonesia,Jakarta,,,ID-JK,,ChIJnUvjRenzaS4RILjULejFAAE,3/18/2021,-27,-8,-42,-38,-31,10
ID,Indonesia,Jakarta,,,ID-JK,,ChIJnUvjRenzaS4RILjULejFAAE,3/19/2021,-24,-5,-37,-36,-30,11
ID,Indonesia,Jakarta,,,ID-JK,,ChIJnUvjRenzaS4RILjULejFAAE,3/20/2021,-27,-4,-42,-30,-17,6
ID,Indonesia,Jakarta,,,ID-JK,,ChIJnUvjRenzaS4RILjULejFAAE,3/21/2021,-29,-7,-46,-31,-13,5
ID,Indonesia,Jakarta,,,ID-JK,,ChIJnUvjRenzaS4RILjULejFAAE,3/22/2021,-28,-7,-45,-38,-31,10
ID,Indonesia,Jakarta,,,ID-JK,,ChIJnUvjRenzaS4RILjULejFAAE,3/23/2021,-29,-8,-45,-38,-32,10
ID,Indonesia,Jakarta,,,ID-JK,,ChIJnUvjRenzaS4RILjULejFAAE,3/24/2021,-28,-9,-42,-38,-31,10
ID,Indonesia,Jakarta,,,ID-JK,,ChIJnUvjRenzaS4RILjULejFAAE,3/25/2021,-25,-4,-41,-37,-31,10
ID,Indonesia,Jakarta,,,ID-JK,,ChIJnUvjRenzaS4RILjULejFAAE,3/26/2021,-21,0,-34,-35,-29,10
ID,Indonesia,Jakarta,,,ID-JK,,ChIJnUvjRenzaS4RILjULejFAAE,3/27/2021,-27,-5,-43,-29,-18,5
ID,Indonesia,Jakarta,,,ID-JK,,ChIJnUvjRenzaS4RILjULejFAAE,3/28/2021,-26,-3,-44,-28,-12,5
ID,Indonesia,Jakarta,,,ID-JK,,ChIJnUvjRenzaS4RILjULejFAAE,3/29/2021,-25,-2,-42,-36,-31,9
ID,Indonesia,Jakarta,,,ID-JK,,ChIJnUvjRenzaS4RILjULejFAAE,3/30/2021,-26,-5,-45,-36,-32,9
ID,Indonesia,Jakarta,,,ID-JK,,ChIJnUvjRenzaS4RILjULejFAAE,3/31/2021,-25,-4,-43,-32,-31,9
ID,Indonesia,Jakarta,,,ID-JK,,ChIJnUvjRenzaS4RILjULejFAAE,4/1/2021,-19,9,-34,-27,-30,7
ID,Indonesia,Jakarta,,,ID-JK,,ChIJnUvjRenzaS4RILjULejFAAE,4/2/2021,-20,3,-24,-44,-63,15
ID,Indonesia,Jakarta,,,ID-JK,,ChIJnUvjRenzaS4RILjULejFAAE,4/3/2021,-27,-3,-41,-31,-24,5
ID,Indonesia,Jakarta,,,ID-JK,,ChIJnUvjRenzaS4RILjULejFAAE,4/4/2021,-25,-1,-42,-22,-13,2
ID,Indonesia,Jakarta,,,ID-JK,,ChIJnUvjRenzaS4RILjULejFAAE,4/5/2021,-22,3,-40,-32,-30,8
ID,Indonesia,Jakarta,,,ID-JK,,ChIJnUvjRenzaS4RILjULejFAAE,4/6/2021,-23,1,-42,-32,-31,8
ID,Indonesia,Jakarta,,,ID-JK,,ChIJnUvjRenzaS4RILjULejFAAE,4/7/2021,-23,-2,-43,-32,-31,9
ID,Indonesia,Jakarta,,,ID-JK,,ChIJnUvjRenzaS4RILjULejFAAE,4/8/2021,-21,1,-37,-31,-30,8
ID,Indonesia,Jakarta,,,ID-JK,,ChIJnUvjRenzaS4RILjULejFAAE,4/9/2021,-16,3,-32,-31,-28,8
ID,Indonesia,Jakarta,,,ID-JK,,ChIJnUvjRenzaS4RILjULejFAAE,4/10/2021,-19,6,-33,-20,-16,3
ID,Indonesia,Jakarta,,,ID-JK,,ChIJnUvjRenzaS4RILjULejFAAE,4/11/2021,-21,4,-41,-18,-11,2
ID,Indonesia,Jakarta,,,ID-JK,,ChIJnUvjRenzaS4RILjULejFAAE,4/12/2021,-21,3,-39,-29,-31,8
ID,Indonesia,Jakarta,,,ID-JK,,ChIJnUvjRenzaS4RILjULejFAAE,4/13/2021,-38,-11,-56,-44,-37,15
ID,Indonesia,Jakarta,,,ID-JK,,ChIJnUvjRenzaS4RILjULejFAAE,4/14/2021,-35,-15,-54,-41,-33,13
ID,Indonesia,Jakarta,,,ID-JK,,ChIJnUvjRenzaS4RILjULejFAAE,4/15/2021,-34,-14,-51,-40,-32,13
ID,Indonesia,Jakarta,,,ID-JK,,ChIJnUvjRenzaS4RILjULejFAAE,4/16/2021,-26,-3,-40,-38,-29,13
ID,Indonesia,Jakarta,,,ID-JK,,ChIJnUvjRenzaS4RILjULejFAAE,4/17/2021,-31,-7,-50,-35,-17,9
ID,Indonesia,Jakarta,,,ID-JK,,ChIJnUvjRenzaS4RILjULejFAAE,4/18/2021,-31,-8,-58,-35,-11,9
ID,Indonesia,Jakarta,,,ID-JK,,ChIJnUvjRenzaS4RILjULejFAAE,4/19/2021,-28,-7,-46,-37,-29,12
ID,Indonesia,Jakarta,,,ID-JK,,ChIJnUvjRenzaS4RILjULejFAAE,4/20/2021,-28,-5,-46,-37,-30,12
ID,Indonesia,Jakarta,,,ID-JK,,ChIJnUvjRenzaS4RILjULejFAAE,4/21/2021,-26,-6,-46,-37,-30,12
ID,Indonesia,Jakarta,,,ID-JK,,ChIJnUvjRenzaS4RILjULejFAAE,4/22/2021,-26,-7,-44,-38,-29,11
ID,Indonesia,Jakarta,,,ID-JK,,ChIJnUvjRenzaS4RILjULejFAAE,4/23/2021,-23,-4,-39,-36,-28,12
ID,Indonesia,Jakarta,,,ID-JK,,ChIJnUvjRenzaS4RILjULejFAAE,4/24/2021,-24,0,-44,-29,-14,7
ID,Indonesia,Jakarta,,,ID-JK,,ChIJnUvjRenzaS4RILjULejFAAE,4/25/2021,-25,-3,-56,-29,-8,8
ID,Indonesia,Jakarta,,,ID-JK,,ChIJnUvjRenzaS4RILjULejFAAE,4/26/2021,-23,-2,-41,-35,-28,11
ID,Indonesia,Jakarta,,,ID-JK,,ChIJnUvjRenzaS4RILjULejFAAE,4/27/2021,-25,-3,-46,-36,-29,11
ID,Indonesia,Jakarta,,,ID-JK,,ChIJnUvjRenzaS4RILjULejFAAE,4/28/2021,-25,-6,-48,-35,-30,11
ID,Indonesia,Jakarta,,,ID-JK,,ChIJnUvjRenzaS4RILjULejFAAE,4/29/2021,-20,3,-42,-33,-29,10
ID,Indonesia,Jakarta,,,ID-JK,,ChIJnUvjRenzaS4RILjULejFAAE,4/30/2021,-13,13,-33,-29,-26,10
ID,Indonesia,Jakarta,,,ID-JK,,ChIJnUvjRenzaS4RILjULejFAAE,5/1/2021,-15,14,-39,-22,-33,7
ID,Indonesia,Jakarta,,,ID-JK,,ChIJnUvjRenzaS4RILjULejFAAE,5/2/2021,-16,11,-53,-20,-8,5
ID,Indonesia,Jakarta,,,ID-JK,,ChIJnUvjRenzaS4RILjULejFAAE,5/3/2021,-15,13,-39,-29,-29,8
ID,Indonesia,Jakarta,,,ID-JK,,ChIJnUvjRenzaS4RILjULejFAAE,5/4/2021,-17,10,-41,-28,-31,9
ID,Indonesia,Jakarta,,,ID-JK,,ChIJnUvjRenzaS4RILjULejFAAE,5/5/2021,-19,5,-43,-30,-32,9
ID,Indonesia,Jakarta,,,ID-JK,,ChIJnUvjRenzaS4RILjULejFAAE,5/6/2021,-20,4,-43,-36,-32,10
ID,Indonesia,Jakarta,,,ID-JK,,ChIJnUvjRenzaS4RILjULejFAAE,5/7/2021,-13,12,-36,-36,-30,10
ID,Indonesia,Jakarta,,,ID-JK,,ChIJnUvjRenzaS4RILjULejFAAE,5/8/2021,-17,12,-46,-29,-20,6
ID,Indonesia,Jakarta,,,ID-JK,,ChIJnUvjRenzaS4RILjULejFAAE,5/9/2021,-16,11,-56,-28,-10,7
ID,Indonesia,Jakarta,,,ID-JK,,ChIJnUvjRenzaS4RILjULejFAAE,5/10/2021,-12,17,-37,-36,-38,10
ID,Indonesia,Jakarta,,,ID-JK,,ChIJnUvjRenzaS4RILjULejFAAE,5/11/2021,-14,20,-38,-35,-43,10
ID,Indonesia,Jakarta,,,ID-JK,,ChIJnUvjRenzaS4RILjULejFAAE,5/12/2021,-21,19,-35,-46,-67,17
ID,Indonesia,Jakarta,,,ID-JK,,ChIJnUvjRenzaS4RILjULejFAAE,5/13/2021,-34,-13,-28,-56,-75,12
ID,Indonesia,Jakarta,,,ID-JK,,ChIJnUvjRenzaS4RILjULejFAAE,5/14/2021,-28,-8,-25,-54,-76,16
ID,Indonesia,Jakarta,,,ID-JK,,ChIJnUvjRenzaS4RILjULejFAAE,5/15/2021,-27,-5,-40,-37,-49,6
ID,Indonesia,Jakarta,,,ID-JK,,ChIJnUvjRenzaS4RILjULejFAAE,5/16/2021,-26,-4,-53,-33,-20,4
ID,Indonesia,Jakarta,,,ID-JK,,ChIJnUvjRenzaS4RILjULejFAAE,5/17/2021,-21,3,-45,-40,-40,10
ID,Indonesia,Jakarta,,,ID-JK,,ChIJnUvjRenzaS4RILjULejFAAE,5/18/2021,-22,1,-44,-34,-39,10
ID,Indonesia,Jakarta,,,ID-JK,,ChIJnUvjRenzaS4RILjULejFAAE,5/19/2021,-21,2,-43,-33,-35,9
ID,Indonesia,Jakarta,,,ID-JK,,ChIJnUvjRenzaS4RILjULejFAAE,5/20/2021,-21,3,-40,-37,-32,9
ID,Indonesia,Jakarta,,,ID-JK,,ChIJnUvjRenzaS4RILjULejFAAE,5/21/2021,-20,0,-39,-35,-30,11
ID,Indonesia,Jakarta,,,ID-JK,,ChIJnUvjRenzaS4RILjULejFAAE,5/22/2021,-23,2,-45,-27,-19,6
ID,Indonesia,Jakarta,,,ID-JK,,ChIJnUvjRenzaS4RILjULejFAAE,5/23/2021,-24,0,-50,-26,-10,6
ID,Indonesia,Jakarta,,,ID-JK,,ChIJnUvjRenzaS4RILjULejFAAE,5/24/2021,-23,-2,-45,-33,-29,10
ID,Indonesia,Jakarta,,,ID-JK,,ChIJnUvjRenzaS4RILjULejFAAE,5/25/2021,-17,9,-41,-29,-30,8
ID,Indonesia,Jakarta,,,ID-JK,,ChIJnUvjRenzaS4RILjULejFAAE,5/26/2021,-16,4,-31,-42,-65,16
ID,Indonesia,Jakarta,,,ID-JK,,ChIJnUvjRenzaS4RILjULejFAAE,5/27/2021,-19,4,-39,-32,-29,9
ID,Indonesia,Jakarta,,,ID-JK,,ChIJnUvjRenzaS4RILjULejFAAE,5/28/2021,-14,10,-33,-31,-27,10
ID,Indonesia,Jakarta,,,ID-JK,,ChIJnUvjRenzaS4RILjULejFAAE,5/29/2021,-24,0,-48,-28,-17,6
ID,Indonesia,Jakarta,,,ID-JK,,ChIJnUvjRenzaS4RILjULejFAAE,5/30/2021,-19,6,-46,-24,-10,4
ID,Indonesia,Jakarta,,,ID-JK,,ChIJnUvjRenzaS4RILjULejFAAE,5/31/2021,-14,10,-35,-29,-30,9
ID,Indonesia,Jakarta,,,ID-JK,,ChIJnUvjRenzaS4RILjULejFAAE,6/1/2021,-15,7,-30,-41,-67,17
ID,Indonesia,Jakarta,,,ID-JK,,ChIJnUvjRenzaS4RILjULejFAAE,6/2/2021,-17,8,-40,-28,-29,9
ID,Indonesia,Jakarta,,,ID-JK,,ChIJnUvjRenzaS4RILjULejFAAE,6/3/2021,-15,10,-38,-30,-28,9
ID,Indonesia,Jakarta,,,ID-JK,,ChIJnUvjRenzaS4RILjULejFAAE,6/4/2021,-13,10,-34,-30,-26,10
ID,Indonesia,Jakarta,,,ID-JK,,ChIJnUvjRenzaS4RILjULejFAAE,6/5/2021,-15,13,-36,-21,-16,5
ID,Indonesia,Jakarta,,,ID-JK,,ChIJnUvjRenzaS4RILjULejFAAE,6/6/2021,-19,5,-45,-22,-11,5
ID,Indonesia,Jakarta,,,ID-JK,,ChIJnUvjRenzaS4RILjULejFAAE,6/7/2021,-15,10,-38,-30,-28,9
ID,Indonesia,Jakarta,,,ID-JK,,ChIJnUvjRenzaS4RILjULejFAAE,6/8/2021,-18,6,-41,-31,-29,10
ID,Indonesia,Jakarta,,,ID-JK,,ChIJnUvjRenzaS4RILjULejFAAE,6/9/2021,-16,6,-39,-30,-29,10
ID,Indonesia,Jakarta,,,ID-JK,,ChIJnUvjRenzaS4RILjULejFAAE,6/10/2021,-16,7,-37,-30,-28,10
ID,Indonesia,Jakarta,,,ID-JK,,ChIJnUvjRenzaS4RILjULejFAAE,6/11/2021,-14,7,-33,-30,-27,11
ID,Indonesia,Jakarta,,,ID-JK,,ChIJnUvjRenzaS4RILjULejFAAE,6/12/2021,-16,11,-36,-22,-15,5
ID,Indonesia,Jakarta,,,ID-JK,,ChIJnUvjRenzaS4RILjULejFAAE,6/13/2021,-19,5,-42,-23,-11,6
ID,Indonesia,Jakarta,,,ID-JK,,ChIJnUvjRenzaS4RILjULejFAAE,6/14/2021,-17,7,-36,-30,-29,10
ID,Indonesia,Jakarta,,,ID-JK,,ChIJnUvjRenzaS4RILjULejFAAE,6/15/2021,-22,1,-43,-32,-30,11
ID,Indonesia,Jakarta,,,ID-JK,,ChIJnUvjRenzaS4RILjULejFAAE,6/16/2021,-20,3,-42,-32,-31,11
ID,Indonesia,Jakarta,,,ID-JK,,ChIJnUvjRenzaS4RILjULejFAAE,6/17/2021,-21,1,-42,-35,-31,11
ID,Indonesia,Jakarta,,,ID-JK,,ChIJnUvjRenzaS4RILjULejFAAE,6/18/2021,-21,1,-40,-36,-30,13
ID,Indonesia,Jakarta,,,ID-JK,,ChIJnUvjRenzaS4RILjULejFAAE,6/19/2021,-27,2,-49,-32,-19,9
ID,Indonesia,Jakarta,,,ID-JK,,ChIJnUvjRenzaS4RILjULejFAAE,6/20/2021,-32,-7,-56,-35,-15,10
ID,Indonesia,Jakarta,,,ID-JK,,ChIJnUvjRenzaS4RILjULejFAAE,6/21/2021,-25,2,-46,-38,-34,13
ID,Indonesia,Jakarta,,,ID-JK,,ChIJnUvjRenzaS4RILjULejFAAE,6/22/2021,-26,3,-46,-40,-36,13
ID,Indonesia,Jakarta,,,ID-JK,,ChIJnUvjRenzaS4RILjULejFAAE,6/23/2021,-28,0,-47,-42,-36,14
ID,Indonesia,Jakarta,,,ID-JK,,ChIJnUvjRenzaS4RILjULejFAAE,6/24/2021,-28,0,-48,-43,-37,15
ID,Indonesia,Jakarta,,,ID-JK,,ChIJnUvjRenzaS4RILjULejFAAE,6/25/2021,-25,7,-45,-44,-37,16
ID,Indonesia,Jakarta,,,ID-JK,,ChIJnUvjRenzaS4RILjULejFAAE,6/26/2021,-32,5,-55,-39,-23,11
ID,Indonesia,Jakarta,,,ID-JK,,ChIJnUvjRenzaS4RILjULejFAAE,6/27/2021,-38,-5,-64,-42,-19,12
ID,Indonesia,Jakarta,,,ID-JK,,ChIJnUvjRenzaS4RILjULejFAAE,6/28/2021,-27,8,-49,-44,-40,16
ID,Indonesia,Jakarta,,,ID-JK,,ChIJnUvjRenzaS4RILjULejFAAE,6/29/2021,-32,2,-54,-47,-43,16
ID,Indonesia,Jakarta,,,ID-JK,,ChIJnUvjRenzaS4RILjULejFAAE,6/30/2021,-31,4,-54,-48,-43,15
ID,Indonesia,Jakarta,,,ID-JK,,ChIJnUvjRenzaS4RILjULejFAAE,7/1/2021,-30,8,-51,-47,-43,17
ID,Indonesia,Jakarta,,,ID-JK,,ChIJnUvjRenzaS4RILjULejFAAE,7/2/2021,-26,12,-47,-47,-41,18
ID,Indonesia,Jakarta,,,ID-JK,,ChIJnUvjRenzaS4RILjULejFAAE,7/3/2021,-45,0,-63,-50,-34,16
ID,Indonesia,Jakarta,,,ID-JK,,ChIJnUvjRenzaS4RILjULejFAAE,7/4/2021,-49,-7,-70,-52,-29,16
ID,Indonesia,Jakarta,,,ID-JK,,ChIJnUvjRenzaS4RILjULejFAAE,7/5/2021,-40,0,-56,-54,-50,20
ID,Indonesia,Jakarta,,,ID-JK,,ChIJnUvjRenzaS4RILjULejFAAE,7/6/2021,-43,-4,-58,-55,-51,21
ID,Indonesia,Jakarta,,,ID-JK,,ChIJnUvjRenzaS4RILjULejFAAE,7/7/2021,-43,-5,-58,-56,-51,21
ID,Indonesia,Jakarta,,,ID-JK,,ChIJnUvjRenzaS4RILjULejFAAE,7/8/2021,-43,-6,-56,-57,-51,21
ID,Indonesia,Jakarta,,,ID-JK,,ChIJnUvjRenzaS4RILjULejFAAE,7/9/2021,-43,-5,-54,-58,-50,23
ID,Indonesia,Jakarta,,,ID-JK,,ChIJnUvjRenzaS4RILjULejFAAE,7/10/2021,-49,-7,-65,-54,-36,17
ID,Indonesia,Jakarta,,,ID-JK,,ChIJnUvjRenzaS4RILjULejFAAE,7/11/2021,-51,-14,-72,-55,-29,17
ID,Indonesia,Jakarta,,,ID-JK,,ChIJnUvjRenzaS4RILjULejFAAE,7/12/2021,-43,-8,-56,-60,-51,21
ID,Indonesia,Jakarta,,,ID-JK,,ChIJnUvjRenzaS4RILjULejFAAE,7/13/2021,-46,-12,-59,-60,-53,22
ID,Indonesia,Jakarta,,,ID-JK,,ChIJnUvjRenzaS4RILjULejFAAE,7/14/2021,-45,-12,-59,-60,-51,22
ID,Indonesia,Jakarta,,,ID-JK,,ChIJnUvjRenzaS4RILjULejFAAE,7/15/2021,-44,-10,-57,-60,-51,21
ID,Indonesia,Jakarta,,,ID-JK,,ChIJnUvjRenzaS4RILjULejFAAE,7/16/2021,-43,-9,-55,-60,-49,23
ID,Indonesia,Jakarta,,,ID-JK,,ChIJnUvjRenzaS4RILjULejFAAE,7/17/2021,-48,-8,-64,-55,-34,16
ID,Indonesia,Jakarta,,,ID-JK,,ChIJnUvjRenzaS4RILjULejFAAE,7/18/2021,-50,-14,-71,-57,-26,16
ID,Indonesia,Jakarta,,,ID-JK,,ChIJnUvjRenzaS4RILjULejFAAE,7/19/2021,-40,-2,-53,-57,-52,20
ID,Indonesia,Jakarta,,,ID-JK,,ChIJnUvjRenzaS4RILjULejFAAE,7/20/2021,-55,-24,-65,-72,-79,28
ID,Indonesia,Jakarta,,,ID-JK,,ChIJnUvjRenzaS4RILjULejFAAE,7/21/2021,-44,-9,-59,-58,-49,19
ID,Indonesia,Jakarta,,,ID-JK,,ChIJnUvjRenzaS4RILjULejFAAE,7/22/2021,-43,-10,-56,-59,-48,19
ID,Indonesia,Jakarta,,,ID-JK,,ChIJnUvjRenzaS4RILjULejFAAE,7/23/2021,-43,-10,-56,-59,-47,22
ID,Indonesia,Jakarta,,,ID-JK,,ChIJnUvjRenzaS4RILjULejFAAE,7/24/2021,-47,-9,-63,-54,-32,15
ID,Indonesia,Jakarta,,,ID-JK,,ChIJnUvjRenzaS4RILjULejFAAE,7/25/2021,-46,-9,-69,-54,-23,14
ID,Indonesia,Jakarta,,,ID-JK,,ChIJnUvjRenzaS4RILjULejFAAE,7/26/2021,-38,-5,-54,-55,-44,18
ID,Indonesia,Jakarta,,,ID-JK,,ChIJnUvjRenzaS4RILjULejFAAE,7/27/2021,-40,-7,-56,-56,-46,19
ID,Indonesia,Jakarta,,,ID-JK,,ChIJnUvjRenzaS4RILjULejFAAE,7/28/2021,-38,-6,-55,-55,-44,18
ID,Indonesia,Jakarta,,,ID-JK,,ChIJnUvjRenzaS4RILjULejFAAE,7/29/2021,-37,-5,-53,-55,-43,18
ID,Indonesia,Jakarta,,,ID-JK,,ChIJnUvjRenzaS4RILjULejFAAE,7/30/2021,-35,0,-49,-54,-42,19
ID,Indonesia,Jakarta,,,ID-JK,,ChIJnUvjRenzaS4RILjULejFAAE,7/31/2021,-39,1,-59,-49,-26,12
ID,Indonesia,Jakarta,,,ID-JK,,ChIJnUvjRenzaS4RILjULejFAAE,8/1/2021,-42,-5,-67,-51,-22,12
ID,Indonesia,Jakarta,,,ID-JK,,ChIJnUvjRenzaS4RILjULejFAAE,8/2/2021,-32,2,-51,-51,-41,16
ID,Indonesia,Jakarta,,,ID-JK,,ChIJnUvjRenzaS4RILjULejFAAE,8/3/2021,-34,-1,-53,-51,-42,16
ID,Indonesia,Jakarta,,,ID-JK,,ChIJnUvjRenzaS4RILjULejFAAE,8/4/2021,-34,-2,-52,-51,-41,16
ID,Indonesia,Jakarta,,,ID-JK,,ChIJnUvjRenzaS4RILjULejFAAE,8/5/2021,-37,-6,-55,-51,-41,17
ID,Indonesia,Jakarta,,,ID-JK,,ChIJnUvjRenzaS4RILjULejFAAE,8/6/2021,-31,2,-45,-51,-39,17
ID,Indonesia,Jakarta,,,ID-JK,,ChIJnUvjRenzaS4RILjULejFAAE,8/7/2021,-36,2,-56,-46,-25,11
ID,Indonesia,West Java,,,ID-JB,,ChIJf0dSgjnmaC4Rfp2O_FSkGLw,1/1/2021,-20,1,37,-37,-67,22
ID,Indonesia,West Java,,,ID-JB,,ChIJf0dSgjnmaC4Rfp2O_FSkGLw,1/2/2021,-20,7,20,-24,-29,12
ID,Indonesia,West Java,,,ID-JB,,ChIJf0dSgjnmaC4Rfp2O_FSkGLw,1/3/2021,-27,-4,6,-16,-6,11
ID,Indonesia,West Java,,,ID-JB,,ChIJf0dSgjnmaC4Rfp2O_FSkGLw,1/4/2021,-18,7,6,-19,-25,14
ID,Indonesia,West Java,,,ID-JB,,ChIJf0dSgjnmaC4Rfp2O_FSkGLw,1/5/2021,-18,9,4,-22,-25,14
ID,Indonesia,West Java,,,ID-JB,,ChIJf0dSgjnmaC4Rfp2O_FSkGLw,1/6/2021,-16,6,3,-24,-24,14
ID,Indonesia,West Java,,,ID-JB,,ChIJf0dSgjnmaC4Rfp2O_FSkGLw,1/7/2021,-13,12,6,-23,-25,14
ID,Indonesia,West Java,,,ID-JB,,ChIJf0dSgjnmaC4Rfp2O_FSkGLw,1/8/2021,-19,2,-3,-30,-23,15
ID,Indonesia,West Java,,,ID-JB,,ChIJf0dSgjnmaC4Rfp2O_FSkGLw,1/9/2021,-30,-8,-17,-33,-13,12
ID,Indonesia,West Java,,,ID-JB,,ChIJf0dSgjnmaC4Rfp2O_FSkGLw,1/10/2021,-20,5,-2,-25,-3,10
ID,Indonesia,West Java,,,ID-JB,,ChIJf0dSgjnmaC4Rfp2O_FSkGLw,1/11/2021,-20,1,-3,-31,-25,14
ID,Indonesia,West Java,,,ID-JB,,ChIJf0dSgjnmaC4Rfp2O_FSkGLw,1/12/2021,-24,-5,-11,-32,-27,15
ID,Indonesia,West Java,,,ID-JB,,ChIJf0dSgjnmaC4Rfp2O_FSkGLw,1/13/2021,-22,-3,-7,-32,-28,13
ID,Indonesia,West Java,,,ID-JB,,ChIJf0dSgjnmaC4Rfp2O_FSkGLw,1/14/2021,-25,-8,-14,-37,-33,12
ID,Indonesia,West Java,,,ID-JB,,ChIJf0dSgjnmaC4Rfp2O_FSkGLw,1/15/2021,-28,-14,-16,-44,-34,13
ID,Indonesia,West Java,,,ID-JB,,ChIJf0dSgjnmaC4Rfp2O_FSkGLw,1/16/2021,-34,-17,-25,-45,-25,10
ID,Indonesia,West Java,,,ID-JB,,ChIJf0dSgjnmaC4Rfp2O_FSkGLw,1/17/2021,-31,-14,-17,-42,-16,10
ID,Indonesia,West Java,,,ID-JB,,ChIJf0dSgjnmaC4Rfp2O_FSkGLw,1/18/2021,-31,-17,-21,-42,-34,14
ID,Indonesia,West Java,,,ID-JB,,ChIJf0dSgjnmaC4Rfp2O_FSkGLw,1/19/2021,-30,-15,-20,-40,-35,14
ID,Indonesia,West Java,,,ID-JB,,ChIJf0dSgjnmaC4Rfp2O_FSkGLw,1/20/2021,-28,-12,-19,-39,-33,15
ID,Indonesia,West Java,,,ID-JB,,ChIJf0dSgjnmaC4Rfp2O_FSkGLw,1/21/2021,-29,-12,-20,-39,-33,15
ID,Indonesia,West Java,,,ID-JB,,ChIJf0dSgjnmaC4Rfp2O_FSkGLw,1/22/2021,-29,-15,-19,-42,-31,16
ID,Indonesia,West Java,,,ID-JB,,ChIJf0dSgjnmaC4Rfp2O_FSkGLw,1/23/2021,-30,-11,-23,-42,-19,11
ID,Indonesia,West Java,,,ID-JB,,ChIJf0dSgjnmaC4Rfp2O_FSkGLw,1/24/2021,-34,-17,-25,-43,-13,13
ID,Indonesia,West Java,,,ID-JB,,ChIJf0dSgjnmaC4Rfp2O_FSkGLw,1/25/2021,-28,-12,-18,-38,-30,14
ID,Indonesia,West Java,,,ID-JB,,ChIJf0dSgjnmaC4Rfp2O_FSkGLw,1/26/2021,-27,-10,-18,-36,-31,14
ID,Indonesia,West Java,,,ID-JB,,ChIJf0dSgjnmaC4Rfp2O_FSkGLw,1/27/2021,-24,-6,-15,-34,-30,14
ID,Indonesia,West Java,,,ID-JB,,ChIJf0dSgjnmaC4Rfp2O_FSkGLw,1/28/2021,-21,-1,-14,-32,-30,13
ID,Indonesia,West Java,,,ID-JB,,ChIJf0dSgjnmaC4Rfp2O_FSkGLw,1/29/2021,-25,-6,-18,-36,-29,14
ID,Indonesia,West Java,,,ID-JB,,ChIJf0dSgjnmaC4Rfp2O_FSkGLw,1/30/2021,-28,-4,-27,-35,-18,9
ID,Indonesia,West Java,,,ID-JB,,ChIJf0dSgjnmaC4Rfp2O_FSkGLw,1/31/2021,-23,1,-20,-30,-8,8
ID,Indonesia,West Java,,,ID-JB,,ChIJf0dSgjnmaC4Rfp2O_FSkGLw,2/1/2021,-24,-2,-17,-33,-29,11
ID,Indonesia,West Java,,,ID-JB,,ChIJf0dSgjnmaC4Rfp2O_FSkGLw,2/2/2021,-22,2,-17,-31,-30,11
ID,Indonesia,West Java,,,ID-JB,,ChIJf0dSgjnmaC4Rfp2O_FSkGLw,2/3/2021,-23,-3,-18,-32,-30,12
ID,Indonesia,West Java,,,ID-JB,,ChIJf0dSgjnmaC4Rfp2O_FSkGLw,2/4/2021,-23,-3,-20,-31,-31,11
ID,Indonesia,West Java,,,ID-JB,,ChIJf0dSgjnmaC4Rfp2O_FSkGLw,2/5/2021,-20,1,-15,-34,-29,11
ID,Indonesia,West Java,,,ID-JB,,ChIJf0dSgjnmaC4Rfp2O_FSkGLw,2/6/2021,-24,-1,-22,-34,-20,8
ID,Indonesia,West Java,,,ID-JB,,ChIJf0dSgjnmaC4Rfp2O_FSkGLw,2/7/2021,-34,-16,-34,-38,-16,10
ID,Indonesia,West Java,,,ID-JB,,ChIJf0dSgjnmaC4Rfp2O_FSkGLw,2/8/2021,-25,-7,-20,-32,-32,11
ID,Indonesia,West Java,,,ID-JB,,ChIJf0dSgjnmaC4Rfp2O_FSkGLw,2/9/2021,-21,0,-16,-29,-31,10
ID,Indonesia,West Java,,,ID-JB,,ChIJf0dSgjnmaC4Rfp2O_FSkGLw,2/10/2021,-18,2,-14,-27,-29,10
ID,Indonesia,West Java,,,ID-JB,,ChIJf0dSgjnmaC4Rfp2O_FSkGLw,2/11/2021,-13,9,-7,-18,-29,8
ID,Indonesia,West Java,,,ID-JB,,ChIJf0dSgjnmaC4Rfp2O_FSkGLw,2/12/2021,-14,3,4,-36,-60,17
ID,Indonesia,West Java,,,ID-JB,,ChIJf0dSgjnmaC4Rfp2O_FSkGLw,2/13/2021,-23,-1,-11,-37,-25,8
ID,Indonesia,West Java,,,ID-JB,,ChIJf0dSgjnmaC4Rfp2O_FSkGLw,2/14/2021,-26,-5,-16,-30,-12,7
ID,Indonesia,West Java,,,ID-JB,,ChIJf0dSgjnmaC4Rfp2O_FSkGLw,2/15/2021,-22,-3,-15,-29,-29,10
ID,Indonesia,West Java,,,ID-JB,,ChIJf0dSgjnmaC4Rfp2O_FSkGLw,2/16/2021,-23,-3,-17,-31,-30,10
ID,Indonesia,West Java,,,ID-JB,,ChIJf0dSgjnmaC4Rfp2O_FSkGLw,2/17/2021,-20,1,-15,-29,-28,10
ID,Indonesia,West Java,,,ID-JB,,ChIJf0dSgjnmaC4Rfp2O_FSkGLw,2/18/2021,-26,-7,-23,-32,-29,11
ID,Indonesia,West Java,,,ID-JB,,ChIJf0dSgjnmaC4Rfp2O_FSkGLw,2/19/2021,-23,-2,-18,-36,-29,12
ID,Indonesia,West Java,,,ID-JB,,ChIJf0dSgjnmaC4Rfp2O_FSkGLw,2/20/2021,-28,-4,-24,-38,-21,9
ID,Indonesia,West Java,,,ID-JB,,ChIJf0dSgjnmaC4Rfp2O_FSkGLw,2/21/2021,-26,-3,-19,-35,-11,7
ID,Indonesia,West Java,,,ID-JB,,ChIJf0dSgjnmaC4Rfp2O_FSkGLw,2/22/2021,-23,-3,-14,-32,-28,9
ID,Indonesia,West Java,,,ID-JB,,ChIJf0dSgjnmaC4Rfp2O_FSkGLw,2/23/2021,-23,-2,-16,-31,-28,10
ID,Indonesia,West Java,,,ID-JB,,ChIJf0dSgjnmaC4Rfp2O_FSkGLw,2/24/2021,-21,-1,-15,-30,-27,10
ID,Indonesia,West Java,,,ID-JB,,ChIJf0dSgjnmaC4Rfp2O_FSkGLw,2/25/2021,-17,9,-13,-27,-27,10
ID,Indonesia,West Java,,,ID-JB,,ChIJf0dSgjnmaC4Rfp2O_FSkGLw,2/26/2021,-16,9,-12,-30,-25,10
ID,Indonesia,West Java,,,ID-JB,,ChIJf0dSgjnmaC4Rfp2O_FSkGLw,2/27/2021,-14,15,-10,-26,-14,5
ID,Indonesia,West Java,,,ID-JB,,ChIJf0dSgjnmaC4Rfp2O_FSkGLw,2/28/2021,-17,10,-8,-24,-6,5
ID,Indonesia,West Java,,,ID-JB,,ChIJf0dSgjnmaC4Rfp2O_FSkGLw,3/1/2021,-17,8,-10,-27,-26,8
ID,Indonesia,West Java,,,ID-JB,,ChIJf0dSgjnmaC4Rfp2O_FSkGLw,3/2/2021,-17,9,-12,-25,-27,9
ID,Indonesia,West Java,,,ID-JB,,ChIJf0dSgjnmaC4Rfp2O_FSkGLw,3/3/2021,-15,9,-10,-25,-26,9
ID,Indonesia,West Java,,,ID-JB,,ChIJf0dSgjnmaC4Rfp2O_FSkGLw,3/4/2021,-18,5,-13,-25,-27,9
ID,Indonesia,West Java,,,ID-JB,,ChIJf0dSgjnmaC4Rfp2O_FSkGLw,3/5/2021,-17,6,-10,-28,-25,10
ID,Indonesia,West Java,,,ID-JB,,ChIJf0dSgjnmaC4Rfp2O_FSkGLw,3/6/2021,-19,6,-14,-24,-15,6
ID,Indonesia,West Java,,,ID-JB,,ChIJf0dSgjnmaC4Rfp2O_FSkGLw,3/7/2021,-20,3,-10,-24,-10,6
ID,Indonesia,West Java,,,ID-JB,,ChIJf0dSgjnmaC4Rfp2O_FSkGLw,3/8/2021,-19,3,-13,-26,-27,9
ID,Indonesia,West Java,,,ID-JB,,ChIJf0dSgjnmaC4Rfp2O_FSkGLw,3/9/2021,-16,6,-9,-25,-27,9
ID,Indonesia,West Java,,,ID-JB,,ChIJf0dSgjnmaC4Rfp2O_FSkGLw,3/10/2021,-11,13,0,-15,-26,7
ID,Indonesia,West Java,,,ID-JB,,ChIJf0dSgjnmaC4Rfp2O_FSkGLw,3/11/2021,-2,18,17,-20,-59,15
ID,Indonesia,West Java,,,ID-JB,,ChIJf0dSgjnmaC4Rfp2O_FSkGLw,3/12/2021,-17,4,-6,-29,-28,11
ID,Indonesia,West Java,,,ID-JB,,ChIJf0dSgjnmaC4Rfp2O_FSkGLw,3/13/2021,-16,8,-3,-26,-17,6
ID,Indonesia,West Java,,,ID-JB,,ChIJf0dSgjnmaC4Rfp2O_FSkGLw,3/14/2021,-17,6,0,-19,-10,6
ID,Indonesia,West Java,,,ID-JB,,ChIJf0dSgjnmaC4Rfp2O_FSkGLw,3/15/2021,-16,6,-6,-23,-25,9
ID,Indonesia,West Java,,,ID-JB,,ChIJf0dSgjnmaC4Rfp2O_FSkGLw,3/16/2021,-21,1,-14,-26,-26,10
ID,Indonesia,West Java,,,ID-JB,,ChIJf0dSgjnmaC4Rfp2O_FSkGLw,3/17/2021,-16,7,-7,-24,-24,9
ID,Indonesia,West Java,,,ID-JB,,ChIJf0dSgjnmaC4Rfp2O_FSkGLw,3/18/2021,-18,4,-12,-24,-24,10
ID,Indonesia,West Java,,,ID-JB,,ChIJf0dSgjnmaC4Rfp2O_FSkGLw,3/19/2021,-17,4,-10,-28,-23,10
ID,Indonesia,West Java,,,ID-JB,,ChIJf0dSgjnmaC4Rfp2O_FSkGLw,3/20/2021,-16,9,-6,-25,-12,6
ID,Indonesia,West Java,,,ID-JB,,ChIJf0dSgjnmaC4Rfp2O_FSkGLw,3/21/2021,-19,3,-4,-24,-7,6
ID,Indonesia,West Java,,,ID-JB,,ChIJf0dSgjnmaC4Rfp2O_FSkGLw,3/22/2021,-19,2,-10,-26,-24,9
ID,Indonesia,West Java,,,ID-JB,,ChIJf0dSgjnmaC4Rfp2O_FSkGLw,3/23/2021,-19,2,-12,-26,-25,9
ID,Indonesia,West Java,,,ID-JB,,ChIJf0dSgjnmaC4Rfp2O_FSkGLw,3/24/2021,-18,3,-11,-24,-24,9
ID,Indonesia,West Java,,,ID-JB,,ChIJf0dSgjnmaC4Rfp2O_FSkGLw,3/25/2021,-15,10,-11,-21,-24,9
ID,Indonesia,West Java,,,ID-JB,,ChIJf0dSgjnmaC4Rfp2O_FSkGLw,3/26/2021,-12,11,-3,-23,-22,9
ID,Indonesia,West Java,,,ID-JB,,ChIJf0dSgjnmaC4Rfp2O_FSkGLw,3/27/2021,-20,4,-11,-23,-13,6
ID,Indonesia,West Java,,,ID-JB,,ChIJf0dSgjnmaC4Rfp2O_FSkGLw,3/28/2021,-14,11,-1,-18,-5,5
ID,Indonesia,West Java,,,ID-JB,,ChIJf0dSgjnmaC4Rfp2O_FSkGLw,3/29/2021,-14,10,-4,-22,-23,8
ID,Indonesia,West Java,,,ID-JB,,ChIJf0dSgjnmaC4Rfp2O_FSkGLw,3/30/2021,-17,5,-13,-23,-25,9
ID,Indonesia,West Java,,,ID-JB,,ChIJf0dSgjnmaC4Rfp2O_FSkGLw,3/31/2021,-13,10,-7,-17,-24,8
ID,Indonesia,West Java,,,ID-JB,,ChIJf0dSgjnmaC4Rfp2O_FSkGLw,4/1/2021,-1,30,5,2,-23,5
ID,Indonesia,West Java,,,ID-JB,,ChIJf0dSgjnmaC4Rfp2O_FSkGLw,4/2/2021,4,28,31,-6,-56,13
ID,Indonesia,West Java,,,ID-JB,,ChIJf0dSgjnmaC4Rfp2O_FSkGLw,4/3/2021,-12,14,7,-16,-20,6
ID,Indonesia,West Java,,,ID-JB,,ChIJf0dSgjnmaC4Rfp2O_FSkGLw,4/4/2021,-10,17,12,1,-6,2
ID,Indonesia,West Java,,,ID-JB,,ChIJf0dSgjnmaC4Rfp2O_FSkGLw,4/5/2021,-10,16,3,-12,-23,7
ID,Indonesia,West Java,,,ID-JB,,ChIJf0dSgjnmaC4Rfp2O_FSkGLw,4/6/2021,-9,16,1,-14,-24,7
ID,Indonesia,West Java,,,ID-JB,,ChIJf0dSgjnmaC4Rfp2O_FSkGLw,4/7/2021,-7,17,5,-12,-24,7
ID,Indonesia,West Java,,,ID-JB,,ChIJf0dSgjnmaC4Rfp2O_FSkGLw,4/8/2021,-3,22,9,-10,-23,6
ID,Indonesia,West Java,,,ID-JB,,ChIJf0dSgjnmaC4Rfp2O_FSkGLw,4/9/2021,-4,17,6,-13,-21,7
ID,Indonesia,West Java,,,ID-JB,,ChIJf0dSgjnmaC4Rfp2O_FSkGLw,4/10/2021,-5,22,8,-6,-11,3
ID,Indonesia,West Java,,,ID-JB,,ChIJf0dSgjnmaC4Rfp2O_FSkGLw,4/11/2021,-9,17,8,-3,-6,3
ID,Indonesia,West Java,,,ID-JB,,ChIJf0dSgjnmaC4Rfp2O_FSkGLw,4/12/2021,-2,29,12,-5,-27,6
ID,Indonesia,West Java,,,ID-JB,,ChIJf0dSgjnmaC4Rfp2O_FSkGLw,4/13/2021,-32,-1,-27,-32,-35,16
ID,Indonesia,West Java,,,ID-JB,,ChIJf0dSgjnmaC4Rfp2O_FSkGLw,4/14/2021,-25,2,-22,-27,-29,13
ID,Indonesia,West Java,,,ID-JB,,ChIJf0dSgjnmaC4Rfp2O_FSkGLw,4/15/2021,-22,4,-20,-25,-25,13
ID,Indonesia,West Java,,,ID-JB,,ChIJf0dSgjnmaC4Rfp2O_FSkGLw,4/16/2021,-18,8,-13,-29,-23,13
ID,Indonesia,West Java,,,ID-JB,,ChIJf0dSgjnmaC4Rfp2O_FSkGLw,4/17/2021,-24,2,-27,-34,-13,11
ID,Indonesia,West Java,,,ID-JB,,ChIJf0dSgjnmaC4Rfp2O_FSkGLw,4/18/2021,-25,1,-29,-32,-5,12
ID,Indonesia,West Java,,,ID-JB,,ChIJf0dSgjnmaC4Rfp2O_FSkGLw,4/19/2021,-20,2,-15,-27,-23,12
ID,Indonesia,West Java,,,ID-JB,,ChIJf0dSgjnmaC4Rfp2O_FSkGLw,4/20/2021,-16,10,-12,-24,-24,11
ID,Indonesia,West Java,,,ID-JB,,ChIJf0dSgjnmaC4Rfp2O_FSkGLw,4/21/2021,-14,10,-8,-24,-23,11
ID,Indonesia,West Java,,,ID-JB,,ChIJf0dSgjnmaC4Rfp2O_FSkGLw,4/22/2021,-14,11,-11,-23,-22,11
ID,Indonesia,West Java,,,ID-JB,,ChIJf0dSgjnmaC4Rfp2O_FSkGLw,4/23/2021,-15,8,-12,-27,-21,13
ID,Indonesia,West Java,,,ID-JB,,ChIJf0dSgjnmaC4Rfp2O_FSkGLw,4/24/2021,-16,10,-21,-27,-9,10
ID,Indonesia,West Java,,,ID-JB,,ChIJf0dSgjnmaC4Rfp2O_FSkGLw,4/25/2021,-17,8,-25,-27,-1,11
ID,Indonesia,West Java,,,ID-JB,,ChIJf0dSgjnmaC4Rfp2O_FSkGLw,4/26/2021,-13,10,-8,-23,-21,11
ID,Indonesia,West Java,,,ID-JB,,ChIJf0dSgjnmaC4Rfp2O_FSkGLw,4/27/2021,-13,11,-11,-22,-23,11
ID,Indonesia,West Java,,,ID-JB,,ChIJf0dSgjnmaC4Rfp2O_FSkGLw,4/28/2021,-11,12,-12,-21,-23,11
ID,Indonesia,West Java,,,ID-JB,,ChIJf0dSgjnmaC4Rfp2O_FSkGLw,4/29/2021,-5,23,-6,-16,-21,10
ID,Indonesia,West Java,,,ID-JB,,ChIJf0dSgjnmaC4Rfp2O_FSkGLw,4/30/2021,-3,25,-4,-17,-19,10
ID,Indonesia,West Java,,,ID-JB,,ChIJf0dSgjnmaC4Rfp2O_FSkGLw,5/1/2021,-1,29,-8,-13,-31,9
ID,Indonesia,West Java,,,ID-JB,,ChIJf0dSgjnmaC4Rfp2O_FSkGLw,5/2/2021,-3,26,-15,-12,1,7
ID,Indonesia,West Java,,,ID-JB,,ChIJf0dSgjnmaC4Rfp2O_FSkGLw,5/3/2021,2,30,4,-11,-22,8
ID,Indonesia,West Java,,,ID-JB,,ChIJf0dSgjnmaC4Rfp2O_FSkGLw,5/4/2021,2,33,3,-4,-23,8
ID,Indonesia,West Java,,,ID-JB,,ChIJf0dSgjnmaC4Rfp2O_FSkGLw,5/5/2021,3,32,4,-3,-24,8
ID,Indonesia,West Java,,,ID-JB,,ChIJf0dSgjnmaC4Rfp2O_FSkGLw,5/6/2021,3,34,2,-19,-23,10
ID,Indonesia,West Java,,,ID-JB,,ChIJf0dSgjnmaC4Rfp2O_FSkGLw,5/7/2021,5,33,6,-26,-22,10
ID,Indonesia,West Java,,,ID-JB,,ChIJf0dSgjnmaC4Rfp2O_FSkGLw,5/8/2021,-2,30,-9,-26,-13,8
ID,Indonesia,West Java,,,ID-JB,,ChIJf0dSgjnmaC4Rfp2O_FSkGLw,5/9/2021,0,31,-11,-24,0,8
ID,Indonesia,West Java,,,ID-JB,,ChIJf0dSgjnmaC4Rfp2O_FSkGLw,5/10/2021,13,44,18,-17,-33,10
ID,Indonesia,West Java,,,ID-JB,,ChIJf0dSgjnmaC4Rfp2O_FSkGLw,5/11/2021,16,56,25,-6,-39,10
ID,Indonesia,West Java,,,ID-JB,,ChIJf0dSgjnmaC4Rfp2O_FSkGLw,5/12/2021,18,68,45,-9,-63,15
ID,Indonesia,West Java,,,ID-JB,,ChIJf0dSgjnmaC4Rfp2O_FSkGLw,5/13/2021,-5,28,50,-30,-72,6
ID,Indonesia,West Java,,,ID-JB,,ChIJf0dSgjnmaC4Rfp2O_FSkGLw,5/14/2021,1,31,69,-29,-73,14
ID,Indonesia,West Java,,,ID-JB,,ChIJf0dSgjnmaC4Rfp2O_FSkGLw,5/15/2021,-6,26,58,-22,-49,7
ID,Indonesia,West Java,,,ID-JB,,ChIJf0dSgjnmaC4Rfp2O_FSkGLw,5/16/2021,-7,23,33,-20,-16,5
ID,Indonesia,West Java,,,ID-JB,,ChIJf0dSgjnmaC4Rfp2O_FSkGLw,5/17/2021,4,30,41,-19,-36,10
ID,Indonesia,West Java,,,ID-JB,,ChIJf0dSgjnmaC4Rfp2O_FSkGLw,5/18/2021,3,30,35,-5,-33,9
ID,Indonesia,West Java,,,ID-JB,,ChIJf0dSgjnmaC4Rfp2O_FSkGLw,5/19/2021,4,30,35,-4,-28,8
ID,Indonesia,West Java,,,ID-JB,,ChIJf0dSgjnmaC4Rfp2O_FSkGLw,5/20/2021,1,29,26,-9,-25,9
ID,Indonesia,West Java,,,ID-JB,,ChIJf0dSgjnmaC4Rfp2O_FSkGLw,5/21/2021,-4,20,18,-16,-22,11
ID,Indonesia,West Java,,,ID-JB,,ChIJf0dSgjnmaC4Rfp2O_FSkGLw,5/22/2021,-7,22,16,-10,-11,7
ID,Indonesia,West Java,,,ID-JB,,ChIJf0dSgjnmaC4Rfp2O_FSkGLw,5/23/2021,-6,23,21,-6,0,6
ID,Indonesia,West Java,,,ID-JB,,ChIJf0dSgjnmaC4Rfp2O_FSkGLw,5/24/2021,-7,16,12,-12,-21,9
ID,Indonesia,West Java,,,ID-JB,,ChIJf0dSgjnmaC4Rfp2O_FSkGLw,5/25/2021,1,30,20,-2,-21,8
ID,Indonesia,West Java,,,ID-JB,,ChIJf0dSgjnmaC4Rfp2O_FSkGLw,5/26/2021,15,37,55,-2,-56,15
ID,Indonesia,West Java,,,ID-JB,,ChIJf0dSgjnmaC4Rfp2O_FSkGLw,5/27/2021,4,32,19,-7,-19,8
ID,Indonesia,West Java,,,ID-JB,,ChIJf0dSgjnmaC4Rfp2O_FSkGLw,5/28/2021,3,28,17,-11,-17,9
ID,Indonesia,West Java,,,ID-JB,,ChIJf0dSgjnmaC4Rfp2O_FSkGLw,5/29/2021,-8,20,8,-5,-7,7
ID,Indonesia,West Java,,,ID-JB,,ChIJf0dSgjnmaC4Rfp2O_FSkGLw,5/30/2021,2,32,28,1,2,5
ID,Indonesia,West Java,,,ID-JB,,ChIJf0dSgjnmaC4Rfp2O_FSkGLw,5/31/2021,7,33,31,-3,-21,8
ID,Indonesia,West Java,,,ID-JB,,ChIJf0dSgjnmaC4Rfp2O_FSkGLw,6/1/2021,16,40,53,0,-58,15
ID,Indonesia,West Java,,,ID-JB,,ChIJf0dSgjnmaC4Rfp2O_FSkGLw,6/2/2021,5,34,21,-4,-19,8
ID,Indonesia,West Java,,,ID-JB,,ChIJf0dSgjnmaC4Rfp2O_FSkGLw,6/3/2021,8,39,22,-5,-18,8
ID,Indonesia,West Java,,,ID-JB,,ChIJf0dSgjnmaC4Rfp2O_FSkGLw,6/4/2021,4,30,19,-11,-16,10
ID,Indonesia,West Java,,,ID-JB,,ChIJf0dSgjnmaC4Rfp2O_FSkGLw,6/5/2021,3,34,21,-4,-6,5
ID,Indonesia,West Java,,,ID-JB,,ChIJf0dSgjnmaC4Rfp2O_FSkGLw,6/6/2021,0,27,22,-1,1,6
ID,Indonesia,West Java,,,ID-JB,,ChIJf0dSgjnmaC4Rfp2O_FSkGLw,6/7/2021,3,30,22,-9,-18,8
ID,Indonesia,West Java,,,ID-JB,,ChIJf0dSgjnmaC4Rfp2O_FSkGLw,6/8/2021,2,28,18,-11,-19,9
ID,Indonesia,West Java,,,ID-JB,,ChIJf0dSgjnmaC4Rfp2O_FSkGLw,6/9/2021,5,30,20,-10,-18,9
ID,Indonesia,West Java,,,ID-JB,,ChIJf0dSgjnmaC4Rfp2O_FSkGLw,6/10/2021,6,34,18,-10,-17,9
ID,Indonesia,West Java,,,ID-JB,,ChIJf0dSgjnmaC4Rfp2O_FSkGLw,6/11/2021,-1,23,11,-16,-16,11
ID,Indonesia,West Java,,,ID-JB,,ChIJf0dSgjnmaC4Rfp2O_FSkGLw,6/12/2021,-1,28,15,-11,-5,7
ID,Indonesia,West Java,,,ID-JB,,ChIJf0dSgjnmaC4Rfp2O_FSkGLw,6/13/2021,-3,24,19,-7,1,7
ID,Indonesia,West Java,,,ID-JB,,ChIJf0dSgjnmaC4Rfp2O_FSkGLw,6/14/2021,0,25,17,-13,-19,9
ID,Indonesia,West Java,,,ID-JB,,ChIJf0dSgjnmaC4Rfp2O_FSkGLw,6/15/2021,-4,21,11,-15,-20,10
ID,Indonesia,West Java,,,ID-JB,,ChIJf0dSgjnmaC4Rfp2O_FSkGLw,6/16/2021,-1,25,11,-15,-21,10
ID,Indonesia,West Java,,,ID-JB,,ChIJf0dSgjnmaC4Rfp2O_FSkGLw,6/17/2021,-4,24,7,-15,-21,11
ID,Indonesia,West Java,,,ID-JB,,ChIJf0dSgjnmaC4Rfp2O_FSkGLw,6/18/2021,-11,14,0,-24,-20,13
ID,Indonesia,West Java,,,ID-JB,,ChIJf0dSgjnmaC4Rfp2O_FSkGLw,6/19/2021,-17,15,-11,-25,-9,11
ID,Indonesia,West Java,,,ID-JB,,ChIJf0dSgjnmaC4Rfp2O_FSkGLw,6/20/2021,-21,8,-11,-27,-4,11
ID,Indonesia,West Java,,,ID-JB,,ChIJf0dSgjnmaC4Rfp2O_FSkGLw,6/21/2021,-12,17,0,-24,-25,13
ID,Indonesia,West Java,,,ID-JB,,ChIJf0dSgjnmaC4Rfp2O_FSkGLw,6/22/2021,-9,22,2,-24,-26,12
ID,Indonesia,West Java,,,ID-JB,,ChIJf0dSgjnmaC4Rfp2O_FSkGLw,6/23/2021,-10,19,0,-25,-27,14
ID,Indonesia,West Java,,,ID-JB,,ChIJf0dSgjnmaC4Rfp2O_FSkGLw,6/24/2021,-9,23,-2,-25,-26,14
ID,Indonesia,West Java,,,ID-JB,,ChIJf0dSgjnmaC4Rfp2O_FSkGLw,6/25/2021,-9,24,0,-30,-25,15
ID,Indonesia,West Java,,,ID-JB,,ChIJf0dSgjnmaC4Rfp2O_FSkGLw,6/26/2021,-17,19,-13,-32,-12,12
ID,Indonesia,West Java,,,ID-JB,,ChIJf0dSgjnmaC4Rfp2O_FSkGLw,6/27/2021,-22,12,-16,-34,-5,13
ID,Indonesia,West Java,,,ID-JB,,ChIJf0dSgjnmaC4Rfp2O_FSkGLw,6/28/2021,-9,25,3,-28,-29,14
ID,Indonesia,West Java,,,ID-JB,,ChIJf0dSgjnmaC4Rfp2O_FSkGLw,6/29/2021,-12,22,-2,-29,-31,15
ID,Indonesia,West Java,,,ID-JB,,ChIJf0dSgjnmaC4Rfp2O_FSkGLw,6/30/2021,-10,26,-1,-29,-32,14
ID,Indonesia,West Java,,,ID-JB,,ChIJf0dSgjnmaC4Rfp2O_FSkGLw,7/1/2021,-7,35,-2,-27,-31,16
ID,Indonesia,West Java,,,ID-JB,,ChIJf0dSgjnmaC4Rfp2O_FSkGLw,7/2/2021,-8,31,0,-31,-29,17
ID,Indonesia,West Java,,,ID-JB,,ChIJf0dSgjnmaC4Rfp2O_FSkGLw,7/3/2021,-24,20,-21,-40,-19,15
ID,Indonesia,West Java,,,ID-JB,,ChIJf0dSgjnmaC4Rfp2O_FSkGLw,7/4/2021,-29,13,-27,-43,-12,16
ID,Indonesia,West Java,,,ID-JB,,ChIJf0dSgjnmaC4Rfp2O_FSkGLw,7/5/2021,-17,23,-6,-37,-35,18
ID,Indonesia,West Java,,,ID-JB,,ChIJf0dSgjnmaC4Rfp2O_FSkGLw,7/6/2021,-18,22,-9,-37,-36,18
ID,Indonesia,West Java,,,ID-JB,,ChIJf0dSgjnmaC4Rfp2O_FSkGLw,7/7/2021,-17,23,-6,-38,-36,18
ID,Indonesia,West Java,,,ID-JB,,ChIJf0dSgjnmaC4Rfp2O_FSkGLw,7/8/2021,-17,23,-8,-38,-35,19
ID,Indonesia,West Java,,,ID-JB,,ChIJf0dSgjnmaC4Rfp2O_FSkGLw,7/9/2021,-22,15,-13,-45,-35,21
ID,Indonesia,West Java,,,ID-JB,,ChIJf0dSgjnmaC4Rfp2O_FSkGLw,7/10/2021,-30,11,-28,-47,-20,17
ID,Indonesia,West Java,,,ID-JB,,ChIJf0dSgjnmaC4Rfp2O_FSkGLw,7/11/2021,-33,7,-30,-47,-12,16
ID,Indonesia,West Java,,,ID-JB,,ChIJf0dSgjnmaC4Rfp2O_FSkGLw,7/12/2021,-20,15,-8,-43,-36,18
ID,Indonesia,West Java,,,ID-JB,,ChIJf0dSgjnmaC4Rfp2O_FSkGLw,7/13/2021,-22,14,-9,-42,-37,19
ID,Indonesia,West Java,,,ID-JB,,ChIJf0dSgjnmaC4Rfp2O_FSkGLw,7/14/2021,-18,17,-8,-41,-36,18
ID,Indonesia,West Java,,,ID-JB,,ChIJf0dSgjnmaC4Rfp2O_FSkGLw,7/15/2021,-17,21,-8,-40,-34,18
ID,Indonesia,West Java,,,ID-JB,,ChIJf0dSgjnmaC4Rfp2O_FSkGLw,7/16/2021,-21,14,-12,-46,-33,20
ID,Indonesia,West Java,,,ID-JB,,ChIJf0dSgjnmaC4Rfp2O_FSkGLw,7/17/2021,-28,11,-26,-46,-16,15
ID,Indonesia,West Java,,,ID-JB,,ChIJf0dSgjnmaC4Rfp2O_FSkGLw,7/18/2021,-31,8,-28,-48,-7,16
ID,Indonesia,West Java,,,ID-JB,,ChIJf0dSgjnmaC4Rfp2O_FSkGLw,7/19/2021,-13,25,0,-39,-40,17
ID,Indonesia,West Java,,,ID-JB,,ChIJf0dSgjnmaC4Rfp2O_FSkGLw,7/20/2021,-32,-3,-11,-56,-74,25
ID,Indonesia,West Java,,,ID-JB,,ChIJf0dSgjnmaC4Rfp2O_FSkGLw,7/21/2021,-17,19,-4,-37,-34,15
ID,Indonesia,West Java,,,ID-JB,,ChIJf0dSgjnmaC4Rfp2O_FSkGLw,7/22/2021,-21,23,-5,-35,-32,16
ID,Indonesia,West Java,,,ID-JB,,ChIJf0dSgjnmaC4Rfp2O_FSkGLw,7/23/2021,-27,12,-14,-43,-30,18
ID,Indonesia,West Java,,,ID-JB,,ChIJf0dSgjnmaC4Rfp2O_FSkGLw,7/24/2021,-31,15,-23,-43,-14,14
ID,Indonesia,West Java,,,ID-JB,,ChIJf0dSgjnmaC4Rfp2O_FSkGLw,7/25/2021,-30,16,-20,-41,-6,13
ID,Indonesia,West Java,,,ID-JB,,ChIJf0dSgjnmaC4Rfp2O_FSkGLw,7/26/2021,-20,20,-3,-35,-29,15
ID,Indonesia,West Java,,,ID-JB,,ChIJf0dSgjnmaC4Rfp2O_FSkGLw,7/27/2021,-20,20,-5,-35,-30,15
ID,Indonesia,West Java,,,ID-JB,,ChIJf0dSgjnmaC4Rfp2O_FSkGLw,7/28/2021,-16,24,-1,-33,-29,15
ID,Indonesia,West Java,,,ID-JB,,ChIJf0dSgjnmaC4Rfp2O_FSkGLw,7/29/2021,-15,26,-2,-33,-28,15
ID,Indonesia,West Java,,,ID-JB,,ChIJf0dSgjnmaC4Rfp2O_FSkGLw,7/30/2021,-18,21,-6,-38,-26,16
ID,Indonesia,West Java,,,ID-JB,,ChIJf0dSgjnmaC4Rfp2O_FSkGLw,7/31/2021,-23,20,-17,-38,-10,12
ID,Indonesia,West Java,,,ID-JB,,ChIJf0dSgjnmaC4Rfp2O_FSkGLw,8/1/2021,-24,20,-16,-36,-6,11
ID,Indonesia,West Java,,,ID-JB,,ChIJf0dSgjnmaC4Rfp2O_FSkGLw,8/2/2021,-13,27,1,-32,-26,13
ID,Indonesia,West Java,,,ID-JB,,ChIJf0dSgjnmaC4Rfp2O_FSkGLw,8/3/2021,-14,26,-3,-30,-27,13
ID,Indonesia,West Java,,,ID-JB,,ChIJf0dSgjnmaC4Rfp2O_FSkGLw,8/4/2021,-12,26,1,-29,-26,13
ID,Indonesia,West Java,,,ID-JB,,ChIJf0dSgjnmaC4Rfp2O_FSkGLw,8/5/2021,-11,28,-2,-30,-25,13
ID,Indonesia,West Java,,,ID-JB,,ChIJf0dSgjnmaC4Rfp2O_FSkGLw,8/6/2021,-11,25,0,-32,-24,14
ID,Indonesia,West Java,,,ID-JB,,ChIJf0dSgjnmaC4Rfp2O_FSkGLw,8/7/2021,-17,25,-9,-31,-10,10
ID,Indonesia,Central Java,,,ID-JT,,ChIJ3RjVnJt1ZS4RRrztj53Rd8M,1/1/2021,-16,0,9,-22,-64,20
ID,Indonesia,Central Java,,,ID-JT,,ChIJ3RjVnJt1ZS4RRrztj53Rd8M,1/2/2021,-4,14,2,-9,-28,12
ID,Indonesia,Central Java,,,ID-JT,,ChIJ3RjVnJt1ZS4RRrztj53Rd8M,1/3/2021,-10,5,-5,-8,-4,10
ID,Indonesia,Central Java,,,ID-JT,,ChIJ3RjVnJt1ZS4RRrztj53Rd8M,1/4/2021,-4,11,0,-16,-20,12
ID,Indonesia,Central Java,,,ID-JT,,ChIJ3RjVnJt1ZS4RRrztj53Rd8M,1/5/2021,-10,4,-10,-18,-22,13
ID,Indonesia,Central Java,,,ID-JT,,ChIJ3RjVnJt1ZS4RRrztj53Rd8M,1/6/2021,-5,9,-6,-19,-21,12
ID,Indonesia,Central Java,,,ID-JT,,ChIJ3RjVnJt1ZS4RRrztj53Rd8M,1/7/2021,-6,9,-7,-22,-21,12
ID,Indonesia,Central Java,,,ID-JT,,ChIJ3RjVnJt1ZS4RRrztj53Rd8M,1/8/2021,-16,-3,-24,-30,-21,14
ID,Indonesia,Central Java,,,ID-JT,,ChIJ3RjVnJt1ZS4RRrztj53Rd8M,1/9/2021,-12,1,-22,-29,-12,10
ID,Indonesia,Central Java,,,ID-JT,,ChIJ3RjVnJt1ZS4RRrztj53Rd8M,1/10/2021,-16,-3,-22,-32,-5,10
ID,Indonesia,Central Java,,,ID-JT,,ChIJ3RjVnJt1ZS4RRrztj53Rd8M,1/11/2021,-11,-1,-15,-34,-24,11
ID,Indonesia,Central Java,,,ID-JT,,ChIJ3RjVnJt1ZS4RRrztj53Rd8M,1/12/2021,-15,-5,-18,-33,-26,12
ID,Indonesia,Central Java,,,ID-JT,,ChIJ3RjVnJt1ZS4RRrztj53Rd8M,1/13/2021,-16,-6,-19,-34,-28,10
ID,Indonesia,Central Java,,,ID-JT,,ChIJ3RjVnJt1ZS4RRrztj53Rd8M,1/14/2021,-19,-10,-23,-39,-33,9
ID,Indonesia,Central Java,,,ID-JT,,ChIJ3RjVnJt1ZS4RRrztj53Rd8M,1/15/2021,-25,-18,-33,-45,-35,11
ID,Indonesia,Central Java,,,ID-JT,,ChIJ3RjVnJt1ZS4RRrztj53Rd8M,1/16/2021,-31,-25,-43,-50,-29,12
ID,Indonesia,Central Java,,,ID-JT,,ChIJ3RjVnJt1ZS4RRrztj53Rd8M,1/17/2021,-32,-25,-39,-51,-20,12
ID,Indonesia,Central Java,,,ID-JT,,ChIJ3RjVnJt1ZS4RRrztj53Rd8M,1/18/2021,-29,-22,-35,-46,-36,14
ID,Indonesia,Central Java,,,ID-JT,,ChIJ3RjVnJt1ZS4RRrztj53Rd8M,1/19/2021,-26,-19,-31,-41,-36,13
ID,Indonesia,Central Java,,,ID-JT,,ChIJ3RjVnJt1ZS4RRrztj53Rd8M,1/20/2021,-23,-16,-29,-41,-34,12
ID,Indonesia,Central Java,,,ID-JT,,ChIJ3RjVnJt1ZS4RRrztj53Rd8M,1/21/2021,-22,-15,-28,-42,-34,13
ID,Indonesia,Central Java,,,ID-JT,,ChIJ3RjVnJt1ZS4RRrztj53Rd8M,1/22/2021,-27,-20,-36,-45,-33,14
ID,Indonesia,Central Java,,,ID-JT,,ChIJ3RjVnJt1ZS4RRrztj53Rd8M,1/23/2021,-22,-14,-34,-45,-23,11
ID,Indonesia,Central Java,,,ID-JT,,ChIJ3RjVnJt1ZS4RRrztj53Rd8M,1/24/2021,-30,-23,-39,-49,-16,13
ID,Indonesia,Central Java,,,ID-JT,,ChIJ3RjVnJt1ZS4RRrztj53Rd8M,1/25/2021,-19,-11,-24,-41,-30,12
ID,Indonesia,Central Java,,,ID-JT,,ChIJ3RjVnJt1ZS4RRrztj53Rd8M,1/26/2021,-25,-18,-30,-40,-31,13
ID,Indonesia,Central Java,,,ID-JT,,ChIJ3RjVnJt1ZS4RRrztj53Rd8M,1/27/2021,-24,-17,-31,-39,-31,13
ID,Indonesia,Central Java,,,ID-JT,,ChIJ3RjVnJt1ZS4RRrztj53Rd8M,1/28/2021,-21,-11,-27,-37,-31,12
ID,Indonesia,Central Java,,,ID-JT,,ChIJ3RjVnJt1ZS4RRrztj53Rd8M,1/29/2021,-26,-16,-38,-40,-31,12
ID,Indonesia,Central Java,,,ID-JT,,ChIJ3RjVnJt1ZS4RRrztj53Rd8M,1/30/2021,-25,-15,-40,-41,-22,9
ID,Indonesia,Central Java,,,ID-JT,,ChIJ3RjVnJt1ZS4RRrztj53Rd8M,1/31/2021,-23,-12,-35,-41,-13,8
ID,Indonesia,Central Java,,,ID-JT,,ChIJ3RjVnJt1ZS4RRrztj53Rd8M,2/1/2021,-19,-7,-28,-38,-30,8
ID,Indonesia,Central Java,,,ID-JT,,ChIJ3RjVnJt1ZS4RRrztj53Rd8M,2/2/2021,-16,-3,-24,-33,-31,7
ID,Indonesia,Central Java,,,ID-JT,,ChIJ3RjVnJt1ZS4RRrztj53Rd8M,2/3/2021,-21,-11,-31,-36,-32,8
ID,Indonesia,Central Java,,,ID-JT,,ChIJ3RjVnJt1ZS4RRrztj53Rd8M,2/4/2021,-20,-8,-30,-35,-33,8
ID,Indonesia,Central Java,,,ID-JT,,ChIJ3RjVnJt1ZS4RRrztj53Rd8M,2/5/2021,-15,1,-30,-33,-31,6
ID,Indonesia,Central Java,,,ID-JT,,ChIJ3RjVnJt1ZS4RRrztj53Rd8M,2/6/2021,-44,-40,-54,-53,-44,16
ID,Indonesia,Central Java,,,ID-JT,,ChIJ3RjVnJt1ZS4RRrztj53Rd8M,2/7/2021,-42,-37,-54,-52,-29,14
ID,Indonesia,Central Java,,,ID-JT,,ChIJ3RjVnJt1ZS4RRrztj53Rd8M,2/8/2021,-17,-4,-29,-36,-33,7
ID,Indonesia,Central Java,,,ID-JT,,ChIJ3RjVnJt1ZS4RRrztj53Rd8M,2/9/2021,-14,-2,-24,-31,-31,6
ID,Indonesia,Central Java,,,ID-JT,,ChIJ3RjVnJt1ZS4RRrztj53Rd8M,2/10/2021,-16,-6,-27,-31,-31,7
ID,Indonesia,Central Java,,,ID-JT,,ChIJ3RjVnJt1ZS4RRrztj53Rd8M,2/11/2021,-10,2,-19,-22,-30,5
ID,Indonesia,Central Java,,,ID-JT,,ChIJ3RjVnJt1ZS4RRrztj53Rd8M,2/12/2021,-18,-7,-24,-30,-59,13
ID,Indonesia,Central Java,,,ID-JT,,ChIJ3RjVnJt1ZS4RRrztj53Rd8M,2/13/2021,-19,-8,-30,-40,-27,7
ID,Indonesia,Central Java,,,ID-JT,,ChIJ3RjVnJt1ZS4RRrztj53Rd8M,2/14/2021,-24,-12,-35,-31,-17,7
ID,Indonesia,Central Java,,,ID-JT,,ChIJ3RjVnJt1ZS4RRrztj53Rd8M,2/15/2021,-15,-4,-25,-32,-30,6
ID,Indonesia,Central Java,,,ID-JT,,ChIJ3RjVnJt1ZS4RRrztj53Rd8M,2/16/2021,-14,-4,-24,-31,-30,6
ID,Indonesia,Central Java,,,ID-JT,,ChIJ3RjVnJt1ZS4RRrztj53Rd8M,2/17/2021,-17,-6,-28,-32,-30,7
ID,Indonesia,Central Java,,,ID-JT,,ChIJ3RjVnJt1ZS4RRrztj53Rd8M,2/18/2021,-19,-7,-30,-33,-29,7
ID,Indonesia,Central Java,,,ID-JT,,ChIJ3RjVnJt1ZS4RRrztj53Rd8M,2/19/2021,-20,-7,-34,-35,-29,8
ID,Indonesia,Central Java,,,ID-JT,,ChIJ3RjVnJt1ZS4RRrztj53Rd8M,2/20/2021,-17,-6,-33,-37,-21,6
ID,Indonesia,Central Java,,,ID-JT,,ChIJ3RjVnJt1ZS4RRrztj53Rd8M,2/21/2021,-18,-7,-27,-40,-13,5
ID,Indonesia,Central Java,,,ID-JT,,ChIJ3RjVnJt1ZS4RRrztj53Rd8M,2/22/2021,-13,-2,-22,-35,-28,6
ID,Indonesia,Central Java,,,ID-JT,,ChIJ3RjVnJt1ZS4RRrztj53Rd8M,2/23/2021,-16,-6,-24,-31,-28,6
ID,Indonesia,Central Java,,,ID-JT,,ChIJ3RjVnJt1ZS4RRrztj53Rd8M,2/24/2021,-16,-5,-26,-32,-28,7
ID,Indonesia,Central Java,,,ID-JT,,ChIJ3RjVnJt1ZS4RRrztj53Rd8M,2/25/2021,-15,-2,-27,-31,-29,7
ID,Indonesia,Central Java,,,ID-JT,,ChIJ3RjVnJt1ZS4RRrztj53Rd8M,2/26/2021,-16,-2,-31,-33,-28,7
ID,Indonesia,Central Java,,,ID-JT,,ChIJ3RjVnJt1ZS4RRrztj53Rd8M,2/27/2021,-14,-1,-30,-34,-17,5
ID,Indonesia,Central Java,,,ID-JT,,ChIJ3RjVnJt1ZS4RRrztj53Rd8M,2/28/2021,-11,2,-21,-33,-10,3
ID,Indonesia,Central Java,,,ID-JT,,ChIJ3RjVnJt1ZS4RRrztj53Rd8M,3/1/2021,-7,7,-17,-30,-26,4
ID,Indonesia,Central Java,,,ID-JT,,ChIJ3RjVnJt1ZS4RRrztj53Rd8M,3/2/2021,-11,3,-22,-29,-27,5
ID,Indonesia,Central Java,,,ID-JT,,ChIJ3RjVnJt1ZS4RRrztj53Rd8M,3/3/2021,-8,6,-20,-27,-27,5
ID,Indonesia,Central Java,,,ID-JT,,ChIJ3RjVnJt1ZS4RRrztj53Rd8M,3/4/2021,-10,4,-21,-28,-27,6
ID,Indonesia,Central Java,,,ID-JT,,ChIJ3RjVnJt1ZS4RRrztj53Rd8M,3/5/2021,-8,6,-21,-28,-26,5
ID,Indonesia,Central Java,,,ID-JT,,ChIJ3RjVnJt1ZS4RRrztj53Rd8M,3/6/2021,-12,0,-26,-31,-18,5
ID,Indonesia,Central Java,,,ID-JT,,ChIJ3RjVnJt1ZS4RRrztj53Rd8M,3/7/2021,-18,-6,-26,-34,-14,5
ID,Indonesia,Central Java,,,ID-JT,,ChIJ3RjVnJt1ZS4RRrztj53Rd8M,3/8/2021,-15,-3,-27,-32,-27,6
ID,Indonesia,Central Java,,,ID-JT,,ChIJ3RjVnJt1ZS4RRrztj53Rd8M,3/9/2021,-8,5,-17,-24,-27,4
ID,Indonesia,Central Java,,,ID-JT,,ChIJ3RjVnJt1ZS4RRrztj53Rd8M,3/10/2021,-4,10,-12,-15,-26,3
ID,Indonesia,Central Java,,,ID-JT,,ChIJ3RjVnJt1ZS4RRrztj53Rd8M,3/11/2021,-3,8,6,-10,-58,11
ID,Indonesia,Central Java,,,ID-JT,,ChIJ3RjVnJt1ZS4RRrztj53Rd8M,3/12/2021,-13,0,-24,-30,-27,7
ID,Indonesia,Central Java,,,ID-JT,,ChIJ3RjVnJt1ZS4RRrztj53Rd8M,3/13/2021,-9,3,-17,-25,-19,4
ID,Indonesia,Central Java,,,ID-JT,,ChIJ3RjVnJt1ZS4RRrztj53Rd8M,3/14/2021,-13,-2,-17,-19,-14,4
ID,Indonesia,Central Java,,,ID-JT,,ChIJ3RjVnJt1ZS4RRrztj53Rd8M,3/15/2021,-6,7,-15,-24,-25,5
ID,Indonesia,Central Java,,,ID-JT,,ChIJ3RjVnJt1ZS4RRrztj53Rd8M,3/16/2021,-11,1,-21,-26,-26,6
ID,Indonesia,Central Java,,,ID-JT,,ChIJ3RjVnJt1ZS4RRrztj53Rd8M,3/17/2021,-7,5,-16,-25,-25,5
ID,Indonesia,Central Java,,,ID-JT,,ChIJ3RjVnJt1ZS4RRrztj53Rd8M,3/18/2021,-11,2,-22,-27,-25,6
ID,Indonesia,Central Java,,,ID-JT,,ChIJ3RjVnJt1ZS4RRrztj53Rd8M,3/19/2021,-8,6,-20,-26,-23,5
ID,Indonesia,Central Java,,,ID-JT,,ChIJ3RjVnJt1ZS4RRrztj53Rd8M,3/20/2021,-8,4,-20,-29,-15,4
ID,Indonesia,Central Java,,,ID-JT,,ChIJ3RjVnJt1ZS4RRrztj53Rd8M,3/21/2021,-12,0,-15,-30,-10,4
ID,Indonesia,Central Java,,,ID-JT,,ChIJ3RjVnJt1ZS4RRrztj53Rd8M,3/22/2021,-7,5,-16,-28,-24,5
ID,Indonesia,Central Java,,,ID-JT,,ChIJ3RjVnJt1ZS4RRrztj53Rd8M,3/23/2021,-8,4,-16,-25,-24,5
ID,Indonesia,Central Java,,,ID-JT,,ChIJ3RjVnJt1ZS4RRrztj53Rd8M,3/24/2021,-5,7,-14,-24,-24,5
ID,Indonesia,Central Java,,,ID-JT,,ChIJ3RjVnJt1ZS4RRrztj53Rd8M,3/25/2021,-7,7,-16,-24,-24,5
ID,Indonesia,Central Java,,,ID-JT,,ChIJ3RjVnJt1ZS4RRrztj53Rd8M,3/26/2021,-7,8,-18,-24,-23,5
ID,Indonesia,Central Java,,,ID-JT,,ChIJ3RjVnJt1ZS4RRrztj53Rd8M,3/27/2021,-11,1,-25,-28,-15,5
ID,Indonesia,Central Java,,,ID-JT,,ChIJ3RjVnJt1ZS4RRrztj53Rd8M,3/28/2021,-10,3,-13,-27,-10,3
ID,Indonesia,Central Java,,,ID-JT,,ChIJ3RjVnJt1ZS4RRrztj53Rd8M,3/29/2021,-7,7,-16,-26,-23,5
ID,Indonesia,Central Java,,,ID-JT,,ChIJ3RjVnJt1ZS4RRrztj53Rd8M,3/30/2021,-11,1,-23,-25,-25,6
ID,Indonesia,Central Java,,,ID-JT,,ChIJ3RjVnJt1ZS4RRrztj53Rd8M,3/31/2021,-2,13,-11,-18,-23,4
ID,Indonesia,Central Java,,,ID-JT,,ChIJ3RjVnJt1ZS4RRrztj53Rd8M,4/1/2021,-3,14,-15,-3,-24,3
ID,Indonesia,Central Java,,,ID-JT,,ChIJ3RjVnJt1ZS4RRrztj53Rd8M,4/2/2021,5,23,9,3,-56,8
ID,Indonesia,Central Java,,,ID-JT,,ChIJ3RjVnJt1ZS4RRrztj53Rd8M,4/3/2021,0,16,-4,-15,-20,2
ID,Indonesia,Central Java,,,ID-JT,,ChIJ3RjVnJt1ZS4RRrztj53Rd8M,4/4/2021,-7,9,-10,-1,-12,2
ID,Indonesia,Central Java,,,ID-JT,,ChIJ3RjVnJt1ZS4RRrztj53Rd8M,4/5/2021,1,19,-7,-10,-23,3
ID,Indonesia,Central Java,,,ID-JT,,ChIJ3RjVnJt1ZS4RRrztj53Rd8M,4/6/2021,-3,12,-12,-14,-24,4
ID,Indonesia,Central Java,,,ID-JT,,ChIJ3RjVnJt1ZS4RRrztj53Rd8M,4/7/2021,0,15,-8,-13,-24,3
ID,Indonesia,Central Java,,,ID-JT,,ChIJ3RjVnJt1ZS4RRrztj53Rd8M,4/8/2021,-3,12,-11,-13,-24,4
ID,Indonesia,Central Java,,,ID-JT,,ChIJ3RjVnJt1ZS4RRrztj53Rd8M,4/9/2021,-1,15,-12,-11,-22,3
ID,Indonesia,Central Java,,,ID-JT,,ChIJ3RjVnJt1ZS4RRrztj53Rd8M,4/10/2021,1,15,-9,-13,-15,1
ID,Indonesia,Central Java,,,ID-JT,,ChIJ3RjVnJt1ZS4RRrztj53Rd8M,4/11/2021,1,17,-2,-13,-10,0
ID,Indonesia,Central Java,,,ID-JT,,ChIJ3RjVnJt1ZS4RRrztj53Rd8M,4/12/2021,8,30,3,-14,-27,2
ID,Indonesia,Central Java,,,ID-JT,,ChIJ3RjVnJt1ZS4RRrztj53Rd8M,4/13/2021,-23,0,-30,-32,-36,12
ID,Indonesia,Central Java,,,ID-JT,,ChIJ3RjVnJt1ZS4RRrztj53Rd8M,4/14/2021,-16,4,-27,-30,-30,10
ID,Indonesia,Central Java,,,ID-JT,,ChIJ3RjVnJt1ZS4RRrztj53Rd8M,4/15/2021,-12,7,-23,-30,-24,8
ID,Indonesia,Central Java,,,ID-JT,,ChIJ3RjVnJt1ZS4RRrztj53Rd8M,4/16/2021,-14,4,-28,-33,-22,9
ID,Indonesia,Central Java,,,ID-JT,,ChIJ3RjVnJt1ZS4RRrztj53Rd8M,4/17/2021,-15,1,-32,-38,-14,10
ID,Indonesia,Central Java,,,ID-JT,,ChIJ3RjVnJt1ZS4RRrztj53Rd8M,4/18/2021,-20,-3,-39,-40,-9,11
ID,Indonesia,Central Java,,,ID-JT,,ChIJ3RjVnJt1ZS4RRrztj53Rd8M,4/19/2021,-8,9,-20,-33,-22,8
ID,Indonesia,Central Java,,,ID-JT,,ChIJ3RjVnJt1ZS4RRrztj53Rd8M,4/20/2021,-7,11,-17,-28,-22,8
ID,Indonesia,Central Java,,,ID-JT,,ChIJ3RjVnJt1ZS4RRrztj53Rd8M,4/21/2021,-5,12,-15,-27,-22,8
ID,Indonesia,Central Java,,,ID-JT,,ChIJ3RjVnJt1ZS4RRrztj53Rd8M,4/22/2021,-6,11,-16,-28,-21,8
ID,Indonesia,Central Java,,,ID-JT,,ChIJ3RjVnJt1ZS4RRrztj53Rd8M,4/23/2021,-9,9,-23,-29,-20,9
ID,Indonesia,Central Java,,,ID-JT,,ChIJ3RjVnJt1ZS4RRrztj53Rd8M,4/24/2021,-9,5,-28,-35,-11,9
ID,Indonesia,Central Java,,,ID-JT,,ChIJ3RjVnJt1ZS4RRrztj53Rd8M,4/25/2021,-12,4,-31,-37,-6,10
ID,Indonesia,Central Java,,,ID-JT,,ChIJ3RjVnJt1ZS4RRrztj53Rd8M,4/26/2021,-5,12,-15,-31,-20,8
ID,Indonesia,Central Java,,,ID-JT,,ChIJ3RjVnJt1ZS4RRrztj53Rd8M,4/27/2021,-6,11,-16,-26,-21,8
ID,Indonesia,Central Java,,,ID-JT,,ChIJ3RjVnJt1ZS4RRrztj53Rd8M,4/28/2021,-2,15,-14,-25,-21,8
ID,Indonesia,Central Java,,,ID-JT,,ChIJ3RjVnJt1ZS4RRrztj53Rd8M,4/29/2021,-1,18,-11,-23,-21,7
ID,Indonesia,Central Java,,,ID-JT,,ChIJ3RjVnJt1ZS4RRrztj53Rd8M,4/30/2021,-2,19,-19,-22,-19,7
ID,Indonesia,Central Java,,,ID-JT,,ChIJ3RjVnJt1ZS4RRrztj53Rd8M,5/1/2021,2,19,-16,-26,-37,10
ID,Indonesia,Central Java,,,ID-JT,,ChIJ3RjVnJt1ZS4RRrztj53Rd8M,5/2/2021,-2,18,-26,-29,-4,8
ID,Indonesia,Central Java,,,ID-JT,,ChIJ3RjVnJt1ZS4RRrztj53Rd8M,5/3/2021,9,31,-2,-18,-21,6
ID,Indonesia,Central Java,,,ID-JT,,ChIJ3RjVnJt1ZS4RRrztj53Rd8M,5/4/2021,11,34,-1,-5,-22,6
ID,Indonesia,Central Java,,,ID-JT,,ChIJ3RjVnJt1ZS4RRrztj53Rd8M,5/5/2021,14,40,3,-1,-22,5
ID,Indonesia,Central Java,,,ID-JT,,ChIJ3RjVnJt1ZS4RRrztj53Rd8M,5/6/2021,17,42,7,-28,-22,6
ID,Indonesia,Central Java,,,ID-JT,,ChIJ3RjVnJt1ZS4RRrztj53Rd8M,5/7/2021,12,38,-2,-39,-21,7
ID,Indonesia,Central Java,,,ID-JT,,ChIJ3RjVnJt1ZS4RRrztj53Rd8M,5/8/2021,11,33,-10,-43,-13,7
ID,Indonesia,Central Java,,,ID-JT,,ChIJ3RjVnJt1ZS4RRrztj53Rd8M,5/9/2021,12,36,-12,-48,-2,7
ID,Indonesia,Central Java,,,ID-JT,,ChIJ3RjVnJt1ZS4RRrztj53Rd8M,5/10/2021,25,52,18,-36,-28,6
ID,Indonesia,Central Java,,,ID-JT,,ChIJ3RjVnJt1ZS4RRrztj53Rd8M,5/11/2021,29,64,23,-25,-33,6
ID,Indonesia,Central Java,,,ID-JT,,ChIJ3RjVnJt1ZS4RRrztj53Rd8M,5/12/2021,27,80,35,-26,-61,10
ID,Indonesia,Central Java,,,ID-JT,,ChIJ3RjVnJt1ZS4RRrztj53Rd8M,5/13/2021,5,22,35,-43,-74,3
ID,Indonesia,Central Java,,,ID-JT,,ChIJ3RjVnJt1ZS4RRrztj53Rd8M,5/14/2021,13,35,51,-42,-73,7
ID,Indonesia,Central Java,,,ID-JT,,ChIJ3RjVnJt1ZS4RRrztj53Rd8M,5/15/2021,14,33,41,-37,-53,4
ID,Indonesia,Central Java,,,ID-JT,,ChIJ3RjVnJt1ZS4RRrztj53Rd8M,5/16/2021,14,34,28,-35,-19,1
ID,Indonesia,Central Java,,,ID-JT,,ChIJ3RjVnJt1ZS4RRrztj53Rd8M,5/17/2021,22,43,49,-23,-36,5
ID,Indonesia,Central Java,,,ID-JT,,ChIJ3RjVnJt1ZS4RRrztj53Rd8M,5/18/2021,21,43,44,14,-33,4
ID,Indonesia,Central Java,,,ID-JT,,ChIJ3RjVnJt1ZS4RRrztj53Rd8M,5/19/2021,19,40,38,6,-30,4
ID,Indonesia,Central Java,,,ID-JT,,ChIJ3RjVnJt1ZS4RRrztj53Rd8M,5/20/2021,16,37,39,-2,-28,6
ID,Indonesia,Central Java,,,ID-JT,,ChIJ3RjVnJt1ZS4RRrztj53Rd8M,5/21/2021,13,33,16,-7,-22,7
ID,Indonesia,Central Java,,,ID-JT,,ChIJ3RjVnJt1ZS4RRrztj53Rd8M,5/22/2021,10,27,11,-3,-12,6
ID,Indonesia,Central Java,,,ID-JT,,ChIJ3RjVnJt1ZS4RRrztj53Rd8M,5/23/2021,7,24,12,-8,-2,5
ID,Indonesia,Central Java,,,ID-JT,,ChIJ3RjVnJt1ZS4RRrztj53Rd8M,5/24/2021,9,27,10,-6,-20,7
ID,Indonesia,Central Java,,,ID-JT,,ChIJ3RjVnJt1ZS4RRrztj53Rd8M,5/25/2021,16,35,20,9,-20,5
ID,Indonesia,Central Java,,,ID-JT,,ChIJ3RjVnJt1ZS4RRrztj53Rd8M,5/26/2021,20,36,50,22,-53,11
ID,Indonesia,Central Java,,,ID-JT,,ChIJ3RjVnJt1ZS4RRrztj53Rd8M,5/27/2021,16,35,18,1,-18,6
ID,Indonesia,Central Java,,,ID-JT,,ChIJ3RjVnJt1ZS4RRrztj53Rd8M,5/28/2021,10,28,3,-2,-17,7
ID,Indonesia,Central Java,,,ID-JT,,ChIJ3RjVnJt1ZS4RRrztj53Rd8M,5/29/2021,7,23,-2,2,-7,6
ID,Indonesia,Central Java,,,ID-JT,,ChIJ3RjVnJt1ZS4RRrztj53Rd8M,5/30/2021,11,28,14,0,1,4
ID,Indonesia,Central Java,,,ID-JT,,ChIJ3RjVnJt1ZS4RRrztj53Rd8M,5/31/2021,21,39,26,4,-20,5
ID,Indonesia,Central Java,,,ID-JT,,ChIJ3RjVnJt1ZS4RRrztj53Rd8M,6/1/2021,21,38,45,24,-54,12
ID,Indonesia,Central Java,,,ID-JT,,ChIJ3RjVnJt1ZS4RRrztj53Rd8M,6/2/2021,18,38,17,4,-18,5
ID,Indonesia,Central Java,,,ID-JT,,ChIJ3RjVnJt1ZS4RRrztj53Rd8M,6/3/2021,16,36,15,-2,-17,6
ID,Indonesia,Central Java,,,ID-JT,,ChIJ3RjVnJt1ZS4RRrztj53Rd8M,6/4/2021,12,32,6,-4,-15,7
ID,Indonesia,Central Java,,,ID-JT,,ChIJ3RjVnJt1ZS4RRrztj53Rd8M,6/5/2021,10,28,3,-6,-7,6
ID,Indonesia,Central Java,,,ID-JT,,ChIJ3RjVnJt1ZS4RRrztj53Rd8M,6/6/2021,6,24,4,-9,0,6
ID,Indonesia,Central Java,,,ID-JT,,ChIJ3RjVnJt1ZS4RRrztj53Rd8M,6/7/2021,15,33,13,-7,-18,6
ID,Indonesia,Central Java,,,ID-JT,,ChIJ3RjVnJt1ZS4RRrztj53Rd8M,6/8/2021,13,31,12,-5,-18,6
ID,Indonesia,Central Java,,,ID-JT,,ChIJ3RjVnJt1ZS4RRrztj53Rd8M,6/9/2021,14,31,10,-6,-18,6
ID,Indonesia,Central Java,,,ID-JT,,ChIJ3RjVnJt1ZS4RRrztj53Rd8M,6/10/2021,12,30,8,-7,-17,7
ID,Indonesia,Central Java,,,ID-JT,,ChIJ3RjVnJt1ZS4RRrztj53Rd8M,6/11/2021,6,24,-5,-11,-16,8
ID,Indonesia,Central Java,,,ID-JT,,ChIJ3RjVnJt1ZS4RRrztj53Rd8M,6/12/2021,6,22,-5,-12,-7,7
ID,Indonesia,Central Java,,,ID-JT,,ChIJ3RjVnJt1ZS4RRrztj53Rd8M,6/13/2021,1,17,-2,-15,1,7
ID,Indonesia,Central Java,,,ID-JT,,ChIJ3RjVnJt1ZS4RRrztj53Rd8M,6/14/2021,9,27,7,-12,-18,7
ID,Indonesia,Central Java,,,ID-JT,,ChIJ3RjVnJt1ZS4RRrztj53Rd8M,6/15/2021,4,21,-1,-11,-18,8
ID,Indonesia,Central Java,,,ID-JT,,ChIJ3RjVnJt1ZS4RRrztj53Rd8M,6/16/2021,4,21,-2,-14,-19,8
ID,Indonesia,Central Java,,,ID-JT,,ChIJ3RjVnJt1ZS4RRrztj53Rd8M,6/17/2021,6,26,2,-14,-19,8
ID,Indonesia,Central Java,,,ID-JT,,ChIJ3RjVnJt1ZS4RRrztj53Rd8M,6/18/2021,-1,18,-11,-19,-18,9
ID,Indonesia,Central Java,,,ID-JT,,ChIJ3RjVnJt1ZS4RRrztj53Rd8M,6/19/2021,-9,10,-24,-24,-9,10
ID,Indonesia,Central Java,,,ID-JT,,ChIJ3RjVnJt1ZS4RRrztj53Rd8M,6/20/2021,-10,9,-19,-27,-3,10
ID,Indonesia,Central Java,,,ID-JT,,ChIJ3RjVnJt1ZS4RRrztj53Rd8M,6/21/2021,-3,17,-9,-22,-24,10
ID,Indonesia,Central Java,,,ID-JT,,ChIJ3RjVnJt1ZS4RRrztj53Rd8M,6/22/2021,0,20,-4,-18,-25,9
ID,Indonesia,Central Java,,,ID-JT,,ChIJ3RjVnJt1ZS4RRrztj53Rd8M,6/23/2021,-2,17,-8,-20,-25,10
ID,Indonesia,Central Java,,,ID-JT,,ChIJ3RjVnJt1ZS4RRrztj53Rd8M,6/24/2021,-6,14,-14,-23,-26,12
ID,Indonesia,Central Java,,,ID-JT,,ChIJ3RjVnJt1ZS4RRrztj53Rd8M,6/25/2021,-3,20,-14,-27,-24,11
ID,Indonesia,Central Java,,,ID-JT,,ChIJ3RjVnJt1ZS4RRrztj53Rd8M,6/26/2021,-10,10,-27,-31,-13,12
ID,Indonesia,Central Java,,,ID-JT,,ChIJ3RjVnJt1ZS4RRrztj53Rd8M,6/27/2021,-13,6,-25,-34,-3,12
ID,Indonesia,Central Java,,,ID-JT,,ChIJ3RjVnJt1ZS4RRrztj53Rd8M,6/28/2021,-6,14,-17,-29,-27,13
ID,Indonesia,Central Java,,,ID-JT,,ChIJ3RjVnJt1ZS4RRrztj53Rd8M,6/29/2021,-1,22,-8,-24,-26,10
ID,Indonesia,Central Java,,,ID-JT,,ChIJ3RjVnJt1ZS4RRrztj53Rd8M,6/30/2021,-3,20,-10,-27,-28,11
ID,Indonesia,Central Java,,,ID-JT,,ChIJ3RjVnJt1ZS4RRrztj53Rd8M,7/1/2021,1,28,-8,-26,-26,12
ID,Indonesia,Central Java,,,ID-JT,,ChIJ3RjVnJt1ZS4RRrztj53Rd8M,7/2/2021,-4,23,-17,-29,-26,13
ID,Indonesia,Central Java,,,ID-JT,,ChIJ3RjVnJt1ZS4RRrztj53Rd8M,7/3/2021,-12,13,-31,-39,-17,14
ID,Indonesia,Central Java,,,ID-JT,,ChIJ3RjVnJt1ZS4RRrztj53Rd8M,7/4/2021,-22,2,-39,-47,-9,15
ID,Indonesia,Central Java,,,ID-JT,,ChIJ3RjVnJt1ZS4RRrztj53Rd8M,7/5/2021,-6,22,-15,-39,-29,14
ID,Indonesia,Central Java,,,ID-JT,,ChIJ3RjVnJt1ZS4RRrztj53Rd8M,7/6/2021,-8,20,-16,-37,-30,14
ID,Indonesia,Central Java,,,ID-JT,,ChIJ3RjVnJt1ZS4RRrztj53Rd8M,7/7/2021,-8,20,-15,-37,-30,14
ID,Indonesia,Central Java,,,ID-JT,,ChIJ3RjVnJt1ZS4RRrztj53Rd8M,7/8/2021,-10,17,-19,-39,-30,15
ID,Indonesia,Central Java,,,ID-JT,,ChIJ3RjVnJt1ZS4RRrztj53Rd8M,7/9/2021,-17,10,-29,-46,-30,17
ID,Indonesia,Central Java,,,ID-JT,,ChIJ3RjVnJt1ZS4RRrztj53Rd8M,7/10/2021,-22,4,-39,-49,-20,15
ID,Indonesia,Central Java,,,ID-JT,,ChIJ3RjVnJt1ZS4RRrztj53Rd8M,7/11/2021,-26,-3,-42,-54,-11,16
ID,Indonesia,Central Java,,,ID-JT,,ChIJ3RjVnJt1ZS4RRrztj53Rd8M,7/12/2021,-10,16,-18,-44,-29,14
ID,Indonesia,Central Java,,,ID-JT,,ChIJ3RjVnJt1ZS4RRrztj53Rd8M,7/13/2021,-11,14,-18,-40,-30,14
ID,Indonesia,Central Java,,,ID-JT,,ChIJ3RjVnJt1ZS4RRrztj53Rd8M,7/14/2021,-9,16,-18,-39,-30,14
ID,Indonesia,Central Java,,,ID-JT,,ChIJ3RjVnJt1ZS4RRrztj53Rd8M,7/15/2021,-9,17,-18,-38,-30,14
ID,Indonesia,Central Java,,,ID-JT,,ChIJ3RjVnJt1ZS4RRrztj53Rd8M,7/16/2021,-15,10,-28,-46,-29,16
ID,Indonesia,Central Java,,,ID-JT,,ChIJ3RjVnJt1ZS4RRrztj53Rd8M,7/17/2021,-18,6,-38,-50,-17,15
ID,Indonesia,Central Java,,,ID-JT,,ChIJ3RjVnJt1ZS4RRrztj53Rd8M,7/18/2021,-25,-4,-42,-57,-9,16
ID,Indonesia,Central Java,,,ID-JT,,ChIJ3RjVnJt1ZS4RRrztj53Rd8M,7/19/2021,-5,25,-14,-44,-35,14
ID,Indonesia,Central Java,,,ID-JT,,ChIJ3RjVnJt1ZS4RRrztj53Rd8M,7/20/2021,-30,-10,-24,-51,-72,23
ID,Indonesia,Central Java,,,ID-JT,,ChIJ3RjVnJt1ZS4RRrztj53Rd8M,7/21/2021,-8,20,-15,-38,-32,12
ID,Indonesia,Central Java,,,ID-JT,,ChIJ3RjVnJt1ZS4RRrztj53Rd8M,7/22/2021,-14,20,-16,-37,-29,12
ID,Indonesia,Central Java,,,ID-JT,,ChIJ3RjVnJt1ZS4RRrztj53Rd8M,7/23/2021,-18,13,-26,-43,-27,14
ID,Indonesia,Central Java,,,ID-JT,,ChIJ3RjVnJt1ZS4RRrztj53Rd8M,7/24/2021,-20,11,-33,-45,-15,13
ID,Indonesia,Central Java,,,ID-JT,,ChIJ3RjVnJt1ZS4RRrztj53Rd8M,7/25/2021,-25,3,-35,-48,-7,13
ID,Indonesia,Central Java,,,ID-JT,,ChIJ3RjVnJt1ZS4RRrztj53Rd8M,7/26/2021,-10,21,-13,-36,-25,11
ID,Indonesia,Central Java,,,ID-JT,,ChIJ3RjVnJt1ZS4RRrztj53Rd8M,7/27/2021,-10,20,-12,-31,-25,11
ID,Indonesia,Central Java,,,ID-JT,,ChIJ3RjVnJt1ZS4RRrztj53Rd8M,7/28/2021,-8,22,-10,-31,-25,11
ID,Indonesia,Central Java,,,ID-JT,,ChIJ3RjVnJt1ZS4RRrztj53Rd8M,7/29/2021,-7,21,-11,-32,-25,11
ID,Indonesia,Central Java,,,ID-JT,,ChIJ3RjVnJt1ZS4RRrztj53Rd8M,7/30/2021,-12,17,-20,-38,-23,12
ID,Indonesia,Central Java,,,ID-JT,,ChIJ3RjVnJt1ZS4RRrztj53Rd8M,7/31/2021,-15,12,-31,-40,-10,12
ID,Indonesia,Central Java,,,ID-JT,,ChIJ3RjVnJt1ZS4RRrztj53Rd8M,8/1/2021,-17,11,-29,-42,-5,11
ID,Indonesia,Central Java,,,ID-JT,,ChIJ3RjVnJt1ZS4RRrztj53Rd8M,8/2/2021,-5,24,-10,-33,-23,10
ID,Indonesia,Central Java,,,ID-JT,,ChIJ3RjVnJt1ZS4RRrztj53Rd8M,8/3/2021,-6,22,-12,-26,-23,10
ID,Indonesia,Central Java,,,ID-JT,,ChIJ3RjVnJt1ZS4RRrztj53Rd8M,8/4/2021,-3,25,-7,-26,-23,9
ID,Indonesia,Central Java,,,ID-JT,,ChIJ3RjVnJt1ZS4RRrztj53Rd8M,8/5/2021,-1,27,-6,-26,-23,9
ID,Indonesia,Central Java,,,ID-JT,,ChIJ3RjVnJt1ZS4RRrztj53Rd8M,8/6/2021,-5,22,-14,-32,-21,10
ID,Indonesia,Central Java,,,ID-JT,,ChIJ3RjVnJt1ZS4RRrztj53Rd8M,8/7/2021,-7,19,-21,-32,-10,9
ID,Indonesia,East Java,,,ID-JI,,ChIJxbXun_eToy0RULh8yvsLAwE,1/1/2021,-29,-12,0,-40,-66,19
ID,Indonesia,East Java,,,ID-JI,,ChIJxbXun_eToy0RULh8yvsLAwE,1/2/2021,-22,-3,-12,-31,-34,13
ID,Indonesia,East Java,,,ID-JI,,ChIJxbXun_eToy0RULh8yvsLAwE,1/3/2021,-17,1,-15,-23,-6,9
ID,Indonesia,East Java,,,ID-JI,,ChIJxbXun_eToy0RULh8yvsLAwE,1/4/2021,-15,2,-12,-26,-22,11
ID,Indonesia,East Java,,,ID-JI,,ChIJxbXun_eToy0RULh8yvsLAwE,1/5/2021,-21,-4,-19,-29,-23,11
ID,Indonesia,East Java,,,ID-JI,,ChIJxbXun_eToy0RULh8yvsLAwE,1/6/2021,-12,6,-12,-28,-21,11
ID,Indonesia,East Java,,,ID-JI,,ChIJxbXun_eToy0RULh8yvsLAwE,1/7/2021,-18,-2,-15,-33,-22,12
ID,Indonesia,East Java,,,ID-JI,,ChIJxbXun_eToy0RULh8yvsLAwE,1/8/2021,-16,4,-21,-33,-22,11
ID,Indonesia,East Java,,,ID-JI,,ChIJxbXun_eToy0RULh8yvsLAwE,1/9/2021,-17,1,-23,-33,-14,9
ID,Indonesia,East Java,,,ID-JI,,ChIJxbXun_eToy0RULh8yvsLAwE,1/10/2021,-18,-3,-21,-33,-7,9
ID,Indonesia,East Java,,,ID-JI,,ChIJxbXun_eToy0RULh8yvsLAwE,1/11/2021,-16,-2,-17,-37,-24,11
ID,Indonesia,East Java,,,ID-JI,,ChIJxbXun_eToy0RULh8yvsLAwE,1/12/2021,-19,-6,-21,-37,-26,10
ID,Indonesia,East Java,,,ID-JI,,ChIJxbXun_eToy0RULh8yvsLAwE,1/13/2021,-20,-5,-24,-39,-28,9
ID,Indonesia,East Java,,,ID-JI,,ChIJxbXun_eToy0RULh8yvsLAwE,1/14/2021,-24,-12,-24,-44,-32,9
ID,Indonesia,East Java,,,ID-JI,,ChIJxbXun_eToy0RULh8yvsLAwE,1/15/2021,-30,-18,-35,-49,-34,10
ID,Indonesia,East Java,,,ID-JI,,ChIJxbXun_eToy0RULh8yvsLAwE,1/16/2021,-32,-20,-41,-51,-28,9
ID,Indonesia,East Java,,,ID-JI,,ChIJxbXun_eToy0RULh8yvsLAwE,1/17/2021,-32,-23,-38,-52,-20,9
ID,Indonesia,East Java,,,ID-JI,,ChIJxbXun_eToy0RULh8yvsLAwE,1/18/2021,-30,-21,-33,-48,-34,11
ID,Indonesia,East Java,,,ID-JI,,ChIJxbXun_eToy0RULh8yvsLAwE,1/19/2021,-26,-16,-29,-45,-34,10
ID,Indonesia,East Java,,,ID-JI,,ChIJxbXun_eToy0RULh8yvsLAwE,1/20/2021,-27,-16,-30,-46,-32,10
ID,Indonesia,East Java,,,ID-JI,,ChIJxbXun_eToy0RULh8yvsLAwE,1/21/2021,-25,-14,-25,-46,-32,11
ID,Indonesia,East Java,,,ID-JI,,ChIJxbXun_eToy0RULh8yvsLAwE,1/22/2021,-30,-19,-35,-49,-32,12
ID,Indonesia,East Java,,,ID-JI,,ChIJxbXun_eToy0RULh8yvsLAwE,1/23/2021,-25,-12,-33,-47,-22,9
ID,Indonesia,East Java,,,ID-JI,,ChIJxbXun_eToy0RULh8yvsLAwE,1/24/2021,-31,-22,-36,-50,-16,10
ID,Indonesia,East Java,,,ID-JI,,ChIJxbXun_eToy0RULh8yvsLAwE,1/25/2021,-23,-12,-26,-43,-30,10
ID,Indonesia,East Java,,,ID-JI,,ChIJxbXun_eToy0RULh8yvsLAwE,1/26/2021,-25,-14,-27,-42,-30,10
ID,Indonesia,East Java,,,ID-JI,,ChIJxbXun_eToy0RULh8yvsLAwE,1/27/2021,-27,-15,-32,-42,-30,11
ID,Indonesia,East Java,,,ID-JI,,ChIJxbXun_eToy0RULh8yvsLAwE,1/28/2021,-24,-10,-26,-42,-29,10
ID,Indonesia,East Java,,,ID-JI,,ChIJxbXun_eToy0RULh8yvsLAwE,1/29/2021,-26,-12,-34,-43,-29,9
ID,Indonesia,East Java,,,ID-JI,,ChIJxbXun_eToy0RULh8yvsLAwE,1/30/2021,-25,-8,-37,-42,-21,6
ID,Indonesia,East Java,,,ID-JI,,ChIJxbXun_eToy0RULh8yvsLAwE,1/31/2021,-24,-10,-32,-42,-12,5
ID,Indonesia,East Java,,,ID-JI,,ChIJxbXun_eToy0RULh8yvsLAwE,2/1/2021,-21,-5,-26,-39,-29,6
ID,Indonesia,East Java,,,ID-JI,,ChIJxbXun_eToy0RULh8yvsLAwE,2/2/2021,-23,-5,-28,-38,-30,6
ID,Indonesia,East Java,,,ID-JI,,ChIJxbXun_eToy0RULh8yvsLAwE,2/3/2021,-25,-11,-33,-40,-30,7
ID,Indonesia,East Java,,,ID-JI,,ChIJxbXun_eToy0RULh8yvsLAwE,2/4/2021,-23,-9,-28,-40,-31,6
ID,Indonesia,East Java,,,ID-JI,,ChIJxbXun_eToy0RULh8yvsLAwE,2/5/2021,-22,-5,-32,-40,-30,6
ID,Indonesia,East Java,,,ID-JI,,ChIJxbXun_eToy0RULh8yvsLAwE,2/6/2021,-21,-5,-32,-40,-23,4
ID,Indonesia,East Java,,,ID-JI,,ChIJxbXun_eToy0RULh8yvsLAwE,2/7/2021,-22,-10,-32,-42,-16,5
ID,Indonesia,East Java,,,ID-JI,,ChIJxbXun_eToy0RULh8yvsLAwE,2/8/2021,-21,-9,-28,-38,-30,6
ID,Indonesia,East Java,,,ID-JI,,ChIJxbXun_eToy0RULh8yvsLAwE,2/9/2021,-20,-6,-26,-35,-29,5
ID,Indonesia,East Java,,,ID-JI,,ChIJxbXun_eToy0RULh8yvsLAwE,2/10/2021,-18,-4,-25,-34,-28,5
ID,Indonesia,East Java,,,ID-JI,,ChIJxbXun_eToy0RULh8yvsLAwE,2/11/2021,-17,-1,-20,-27,-28,4
ID,Indonesia,East Java,,,ID-JI,,ChIJxbXun_eToy0RULh8yvsLAwE,2/12/2021,-23,-10,-21,-38,-59,12
ID,Indonesia,East Java,,,ID-JI,,ChIJxbXun_eToy0RULh8yvsLAwE,2/13/2021,-23,-8,-28,-43,-28,5
ID,Indonesia,East Java,,,ID-JI,,ChIJxbXun_eToy0RULh8yvsLAwE,2/14/2021,-26,-13,-32,-38,-17,5
ID,Indonesia,East Java,,,ID-JI,,ChIJxbXun_eToy0RULh8yvsLAwE,2/15/2021,-18,-2,-22,-33,-28,4
ID,Indonesia,East Java,,,ID-JI,,ChIJxbXun_eToy0RULh8yvsLAwE,2/16/2021,-21,-6,-24,-35,-29,5
ID,Indonesia,East Java,,,ID-JI,,ChIJxbXun_eToy0RULh8yvsLAwE,2/17/2021,-20,-4,-28,-36,-28,5
ID,Indonesia,East Java,,,ID-JI,,ChIJxbXun_eToy0RULh8yvsLAwE,2/18/2021,-20,-3,-23,-36,-27,5
ID,Indonesia,East Java,,,ID-JI,,ChIJxbXun_eToy0RULh8yvsLAwE,2/19/2021,-21,-4,-30,-38,-27,6
ID,Indonesia,East Java,,,ID-JI,,ChIJxbXun_eToy0RULh8yvsLAwE,2/20/2021,-23,-7,-34,-40,-20,5
ID,Indonesia,East Java,,,ID-JI,,ChIJxbXun_eToy0RULh8yvsLAwE,2/21/2021,-18,-3,-25,-39,-14,4
ID,Indonesia,East Java,,,ID-JI,,ChIJxbXun_eToy0RULh8yvsLAwE,2/22/2021,-17,-2,-21,-36,-27,5
ID,Indonesia,East Java,,,ID-JI,,ChIJxbXun_eToy0RULh8yvsLAwE,2/23/2021,-21,-8,-26,-37,-27,5
ID,Indonesia,East Java,,,ID-JI,,ChIJxbXun_eToy0RULh8yvsLAwE,2/24/2021,-18,-1,-25,-35,-26,5
ID,Indonesia,East Java,,,ID-JI,,ChIJxbXun_eToy0RULh8yvsLAwE,2/25/2021,-21,-4,-26,-37,-26,6
ID,Indonesia,East Java,,,ID-JI,,ChIJxbXun_eToy0RULh8yvsLAwE,2/26/2021,-21,-3,-31,-37,-25,5
ID,Indonesia,East Java,,,ID-JI,,ChIJxbXun_eToy0RULh8yvsLAwE,2/27/2021,-22,-2,-34,-37,-19,4
ID,Indonesia,East Java,,,ID-JI,,ChIJxbXun_eToy0RULh8yvsLAwE,2/28/2021,-12,7,-20,-32,-10,1
ID,Indonesia,East Java,,,ID-JI,,ChIJxbXun_eToy0RULh8yvsLAwE,3/1/2021,-12,9,-15,-31,-25,3
ID,Indonesia,East Java,,,ID-JI,,ChIJxbXun_eToy0RULh8yvsLAwE,3/2/2021,-22,-5,-28,-36,-27,5
ID,Indonesia,East Java,,,ID-JI,,ChIJxbXun_eToy0RULh8yvsLAwE,3/3/2021,-12,10,-21,-32,-25,4
ID,Indonesia,East Java,,,ID-JI,,ChIJxbXun_eToy0RULh8yvsLAwE,3/4/2021,-17,1,-22,-35,-26,5
ID,Indonesia,East Java,,,ID-JI,,ChIJxbXun_eToy0RULh8yvsLAwE,3/5/2021,-17,2,-25,-35,-25,5
ID,Indonesia,East Java,,,ID-JI,,ChIJxbXun_eToy0RULh8yvsLAwE,3/6/2021,-17,2,-27,-32,-19,3
ID,Indonesia,East Java,,,ID-JI,,ChIJxbXun_eToy0RULh8yvsLAwE,3/7/2021,-18,-2,-22,-33,-14,3
ID,Indonesia,East Java,,,ID-JI,,ChIJxbXun_eToy0RULh8yvsLAwE,3/8/2021,-16,0,-21,-33,-26,4
ID,Indonesia,East Java,,,ID-JI,,ChIJxbXun_eToy0RULh8yvsLAwE,3/9/2021,-14,4,-19,-31,-25,3
ID,Indonesia,East Java,,,ID-JI,,ChIJxbXun_eToy0RULh8yvsLAwE,3/10/2021,-11,8,-16,-22,-24,3
ID,Indonesia,East Java,,,ID-JI,,ChIJxbXun_eToy0RULh8yvsLAwE,3/11/2021,-15,-1,4,-23,-58,11
ID,Indonesia,East Java,,,ID-JI,,ChIJxbXun_eToy0RULh8yvsLAwE,3/12/2021,-18,-1,-24,-34,-26,5
ID,Indonesia,East Java,,,ID-JI,,ChIJxbXun_eToy0RULh8yvsLAwE,3/13/2021,-17,0,-22,-31,-20,4
ID,Indonesia,East Java,,,ID-JI,,ChIJxbXun_eToy0RULh8yvsLAwE,3/14/2021,-16,0,-16,-28,-14,3
ID,Indonesia,East Java,,,ID-JI,,ChIJxbXun_eToy0RULh8yvsLAwE,3/15/2021,-12,5,-14,-28,-24,4
ID,Indonesia,East Java,,,ID-JI,,ChIJxbXun_eToy0RULh8yvsLAwE,3/16/2021,-15,3,-19,-30,-24,4
ID,Indonesia,East Java,,,ID-JI,,ChIJxbXun_eToy0RULh8yvsLAwE,3/17/2021,-13,5,-18,-30,-23,4
ID,Indonesia,East Java,,,ID-JI,,ChIJxbXun_eToy0RULh8yvsLAwE,3/18/2021,-17,0,-20,-32,-23,5
ID,Indonesia,East Java,,,ID-JI,,ChIJxbXun_eToy0RULh8yvsLAwE,3/19/2021,-17,2,-23,-33,-22,5
ID,Indonesia,East Java,,,ID-JI,,ChIJxbXun_eToy0RULh8yvsLAwE,3/20/2021,-15,4,-21,-31,-16,3
ID,Indonesia,East Java,,,ID-JI,,ChIJxbXun_eToy0RULh8yvsLAwE,3/21/2021,-14,3,-13,-30,-11,3
ID,Indonesia,East Java,,,ID-JI,,ChIJxbXun_eToy0RULh8yvsLAwE,3/22/2021,-13,4,-14,-30,-23,4
ID,Indonesia,East Java,,,ID-JI,,ChIJxbXun_eToy0RULh8yvsLAwE,3/23/2021,-17,-1,-19,-31,-23,4
ID,Indonesia,East Java,,,ID-JI,,ChIJxbXun_eToy0RULh8yvsLAwE,3/24/2021,-11,8,-15,-30,-22,3
ID,Indonesia,East Java,,,ID-JI,,ChIJxbXun_eToy0RULh8yvsLAwE,3/25/2021,-16,2,-17,-31,-22,5
ID,Indonesia,East Java,,,ID-JI,,ChIJxbXun_eToy0RULh8yvsLAwE,3/26/2021,-15,5,-22,-31,-22,4
ID,Indonesia,East Java,,,ID-JI,,ChIJxbXun_eToy0RULh8yvsLAwE,3/27/2021,-15,4,-19,-30,-15,3
ID,Indonesia,East Java,,,ID-JI,,ChIJxbXun_eToy0RULh8yvsLAwE,3/28/2021,-12,5,-13,-28,-10,2
ID,Indonesia,East Java,,,ID-JI,,ChIJxbXun_eToy0RULh8yvsLAwE,3/29/2021,-11,6,-13,-28,-22,3
ID,Indonesia,East Java,,,ID-JI,,ChIJxbXun_eToy0RULh8yvsLAwE,3/30/2021,-15,2,-20,-28,-23,3
ID,Indonesia,East Java,,,ID-JI,,ChIJxbXun_eToy0RULh8yvsLAwE,3/31/2021,-10,10,-15,-24,-22,3
ID,Indonesia,East Java,,,ID-JI,,ChIJxbXun_eToy0RULh8yvsLAwE,4/1/2021,-14,7,-16,-13,-23,3
ID,Indonesia,East Java,,,ID-JI,,ChIJxbXun_eToy0RULh8yvsLAwE,4/2/2021,-5,20,7,-11,-55,7
ID,Indonesia,East Java,,,ID-JI,,ChIJxbXun_eToy0RULh8yvsLAwE,4/3/2021,-9,13,-4,-22,-22,1
ID,Indonesia,East Java,,,ID-JI,,ChIJxbXun_eToy0RULh8yvsLAwE,4/4/2021,-11,9,-8,-13,-12,0
ID,Indonesia,East Java,,,ID-JI,,ChIJxbXun_eToy0RULh8yvsLAwE,4/5/2021,-6,17,-4,-17,-22,2
ID,Indonesia,East Java,,,ID-JI,,ChIJxbXun_eToy0RULh8yvsLAwE,4/6/2021,-12,8,-14,-21,-23,3
ID,Indonesia,East Java,,,ID-JI,,ChIJxbXun_eToy0RULh8yvsLAwE,4/7/2021,-8,13,-11,-18,-23,2
ID,Indonesia,East Java,,,ID-JI,,ChIJxbXun_eToy0RULh8yvsLAwE,4/8/2021,-10,10,-9,-21,-22,3
ID,Indonesia,East Java,,,ID-JI,,ChIJxbXun_eToy0RULh8yvsLAwE,4/9/2021,-9,11,-16,-19,-21,3
ID,Indonesia,East Java,,,ID-JI,,ChIJxbXun_eToy0RULh8yvsLAwE,4/10/2021,-8,14,-11,-15,-16,0
ID,Indonesia,East Java,,,ID-JI,,ChIJxbXun_eToy0RULh8yvsLAwE,4/11/2021,-3,17,-8,-14,-10,0
ID,Indonesia,East Java,,,ID-JI,,ChIJxbXun_eToy0RULh8yvsLAwE,4/12/2021,-3,22,-2,-18,-27,2
ID,Indonesia,East Java,,,ID-JI,,ChIJxbXun_eToy0RULh8yvsLAwE,4/13/2021,-26,0,-29,-35,-35,10
ID,Indonesia,East Java,,,ID-JI,,ChIJxbXun_eToy0RULh8yvsLAwE,4/14/2021,-20,7,-25,-32,-30,8
ID,Indonesia,East Java,,,ID-JI,,ChIJxbXun_eToy0RULh8yvsLAwE,4/15/2021,-18,6,-20,-32,-27,8
ID,Indonesia,East Java,,,ID-JI,,ChIJxbXun_eToy0RULh8yvsLAwE,4/16/2021,-19,3,-26,-35,-23,8
ID,Indonesia,East Java,,,ID-JI,,ChIJxbXun_eToy0RULh8yvsLAwE,4/17/2021,-19,3,-32,-37,-16,7
ID,Indonesia,East Java,,,ID-JI,,ChIJxbXun_eToy0RULh8yvsLAwE,4/18/2021,-20,-1,-41,-39,-9,9
ID,Indonesia,East Java,,,ID-JI,,ChIJxbXun_eToy0RULh8yvsLAwE,4/19/2021,-12,9,-15,-31,-22,6
ID,Indonesia,East Java,,,ID-JI,,ChIJxbXun_eToy0RULh8yvsLAwE,4/20/2021,-13,10,-17,-30,-22,6
ID,Indonesia,East Java,,,ID-JI,,ChIJxbXun_eToy0RULh8yvsLAwE,4/21/2021,-11,11,-16,-30,-22,6
ID,Indonesia,East Java,,,ID-JI,,ChIJxbXun_eToy0RULh8yvsLAwE,4/22/2021,-12,8,-15,-32,-20,7
ID,Indonesia,East Java,,,ID-JI,,ChIJxbXun_eToy0RULh8yvsLAwE,4/23/2021,-15,7,-24,-34,-20,7
ID,Indonesia,East Java,,,ID-JI,,ChIJxbXun_eToy0RULh8yvsLAwE,4/24/2021,-14,7,-28,-36,-13,7
ID,Indonesia,East Java,,,ID-JI,,ChIJxbXun_eToy0RULh8yvsLAwE,4/25/2021,-13,6,-36,-37,-6,8
ID,Indonesia,East Java,,,ID-JI,,ChIJxbXun_eToy0RULh8yvsLAwE,4/26/2021,-9,11,-13,-32,-20,6
ID,Indonesia,East Java,,,ID-JI,,ChIJxbXun_eToy0RULh8yvsLAwE,4/27/2021,-10,11,-15,-30,-21,6
ID,Indonesia,East Java,,,ID-JI,,ChIJxbXun_eToy0RULh8yvsLAwE,4/28/2021,-7,16,-15,-28,-21,6
ID,Indonesia,East Java,,,ID-JI,,ChIJxbXun_eToy0RULh8yvsLAwE,4/29/2021,-8,15,-12,-27,-20,6
ID,Indonesia,East Java,,,ID-JI,,ChIJxbXun_eToy0RULh8yvsLAwE,4/30/2021,-8,20,-19,-24,-19,5
ID,Indonesia,East Java,,,ID-JI,,ChIJxbXun_eToy0RULh8yvsLAwE,5/1/2021,-4,22,-16,-25,-38,7
ID,Indonesia,East Java,,,ID-JI,,ChIJxbXun_eToy0RULh8yvsLAwE,5/2/2021,-5,19,-31,-28,-6,5
ID,Indonesia,East Java,,,ID-JI,,ChIJxbXun_eToy0RULh8yvsLAwE,5/3/2021,2,29,-2,-20,-21,4
ID,Indonesia,East Java,,,ID-JI,,ChIJxbXun_eToy0RULh8yvsLAwE,5/4/2021,1,30,-4,-13,-22,3
ID,Indonesia,East Java,,,ID-JI,,ChIJxbXun_eToy0RULh8yvsLAwE,5/5/2021,5,36,-2,-11,-22,3
ID,Indonesia,East Java,,,ID-JI,,ChIJxbXun_eToy0RULh8yvsLAwE,5/6/2021,3,31,0,-36,-22,5
ID,Indonesia,East Java,,,ID-JI,,ChIJxbXun_eToy0RULh8yvsLAwE,5/7/2021,-1,27,-13,-45,-21,6
ID,Indonesia,East Java,,,ID-JI,,ChIJxbXun_eToy0RULh8yvsLAwE,5/8/2021,-1,26,-20,-46,-15,6
ID,Indonesia,East Java,,,ID-JI,,ChIJxbXun_eToy0RULh8yvsLAwE,5/9/2021,2,26,-28,-46,-3,6
ID,Indonesia,East Java,,,ID-JI,,ChIJxbXun_eToy0RULh8yvsLAwE,5/10/2021,9,37,5,-40,-30,6
ID,Indonesia,East Java,,,ID-JI,,ChIJxbXun_eToy0RULh8yvsLAwE,5/11/2021,12,47,7,-32,-34,5
ID,Indonesia,East Java,,,ID-JI,,ChIJxbXun_eToy0RULh8yvsLAwE,5/12/2021,11,61,12,-34,-60,10
ID,Indonesia,East Java,,,ID-JI,,ChIJxbXun_eToy0RULh8yvsLAwE,5/13/2021,-1,14,30,-49,-72,3
ID,Indonesia,East Java,,,ID-JI,,ChIJxbXun_eToy0RULh8yvsLAwE,5/14/2021,4,26,34,-48,-73,7
ID,Indonesia,East Java,,,ID-JI,,ChIJxbXun_eToy0RULh8yvsLAwE,5/15/2021,3,27,25,-44,-55,3
ID,Indonesia,East Java,,,ID-JI,,ChIJxbXun_eToy0RULh8yvsLAwE,5/16/2021,6,29,9,-40,-21,0
ID,Indonesia,East Java,,,ID-JI,,ChIJxbXun_eToy0RULh8yvsLAwE,5/17/2021,12,35,42,-32,-37,4
ID,Indonesia,East Java,,,ID-JI,,ChIJxbXun_eToy0RULh8yvsLAwE,5/18/2021,8,33,34,-7,-34,3
ID,Indonesia,East Java,,,ID-JI,,ChIJxbXun_eToy0RULh8yvsLAwE,5/19/2021,6,31,25,-10,-31,4
ID,Indonesia,East Java,,,ID-JI,,ChIJxbXun_eToy0RULh8yvsLAwE,5/20/2021,4,28,32,-16,-25,4
ID,Indonesia,East Java,,,ID-JI,,ChIJxbXun_eToy0RULh8yvsLAwE,5/21/2021,2,26,10,-19,-21,5
ID,Indonesia,East Java,,,ID-JI,,ChIJxbXun_eToy0RULh8yvsLAwE,5/22/2021,1,25,9,-13,-15,4
ID,Indonesia,East Java,,,ID-JI,,ChIJxbXun_eToy0RULh8yvsLAwE,5/23/2021,1,23,7,-12,-4,3
ID,Indonesia,East Java,,,ID-JI,,ChIJxbXun_eToy0RULh8yvsLAwE,5/24/2021,4,24,14,-14,-19,4
ID,Indonesia,East Java,,,ID-JI,,ChIJxbXun_eToy0RULh8yvsLAwE,5/25/2021,6,29,17,-5,-19,3
ID,Indonesia,East Java,,,ID-JI,,ChIJxbXun_eToy0RULh8yvsLAwE,5/26/2021,10,31,50,1,-54,9
ID,Indonesia,East Java,,,ID-JI,,ChIJxbXun_eToy0RULh8yvsLAwE,5/27/2021,5,27,15,-11,-17,4
ID,Indonesia,East Java,,,ID-JI,,ChIJxbXun_eToy0RULh8yvsLAwE,5/28/2021,2,25,0,-15,-15,5
ID,Indonesia,East Java,,,ID-JI,,ChIJxbXun_eToy0RULh8yvsLAwE,5/29/2021,3,27,4,-9,-9,2
ID,Indonesia,East Java,,,ID-JI,,ChIJxbXun_eToy0RULh8yvsLAwE,5/30/2021,5,26,10,-10,-2,2
ID,Indonesia,East Java,,,ID-JI,,ChIJxbXun_eToy0RULh8yvsLAwE,5/31/2021,12,33,25,-8,-19,3
ID,Indonesia,East Java,,,ID-JI,,ChIJxbXun_eToy0RULh8yvsLAwE,6/1/2021,13,35,56,4,-55,8
ID,Indonesia,East Java,,,ID-JI,,ChIJxbXun_eToy0RULh8yvsLAwE,6/2/2021,10,37,14,-7,-16,2
ID,Indonesia,East Java,,,ID-JI,,ChIJxbXun_eToy0RULh8yvsLAwE,6/3/2021,8,32,17,-12,-15,4
ID,Indonesia,East Java,,,ID-JI,,ChIJxbXun_eToy0RULh8yvsLAwE,6/4/2021,4,29,3,-14,-13,4
ID,Indonesia,East Java,,,ID-JI,,ChIJxbXun_eToy0RULh8yvsLAwE,6/5/2021,5,30,7,-11,-8,2
ID,Indonesia,East Java,,,ID-JI,,ChIJxbXun_eToy0RULh8yvsLAwE,6/6/2021,5,28,9,-11,-1,2
ID,Indonesia,East Java,,,ID-JI,,ChIJxbXun_eToy0RULh8yvsLAwE,6/7/2021,8,29,15,-14,-16,3
ID,Indonesia,East Java,,,ID-JI,,ChIJxbXun_eToy0RULh8yvsLAwE,6/8/2021,7,29,13,-14,-16,3
ID,Indonesia,East Java,,,ID-JI,,ChIJxbXun_eToy0RULh8yvsLAwE,6/9/2021,8,31,10,-14,-15,3
ID,Indonesia,East Java,,,ID-JI,,ChIJxbXun_eToy0RULh8yvsLAwE,6/10/2021,6,27,13,-15,-14,4
ID,Indonesia,East Java,,,ID-JI,,ChIJxbXun_eToy0RULh8yvsLAwE,6/11/2021,1,23,-1,-19,-13,5
ID,Indonesia,East Java,,,ID-JI,,ChIJxbXun_eToy0RULh8yvsLAwE,6/12/2021,1,23,2,-16,-7,3
ID,Indonesia,East Java,,,ID-JI,,ChIJxbXun_eToy0RULh8yvsLAwE,6/13/2021,3,22,10,-16,0,3
ID,Indonesia,East Java,,,ID-JI,,ChIJxbXun_eToy0RULh8yvsLAwE,6/14/2021,4,22,9,-16,-16,5
ID,Indonesia,East Java,,,ID-JI,,ChIJxbXun_eToy0RULh8yvsLAwE,6/15/2021,0,19,3,-18,-16,5
ID,Indonesia,East Java,,,ID-JI,,ChIJxbXun_eToy0RULh8yvsLAwE,6/16/2021,4,25,5,-17,-16,4
ID,Indonesia,East Java,,,ID-JI,,ChIJxbXun_eToy0RULh8yvsLAwE,6/17/2021,1,20,5,-19,-16,5
ID,Indonesia,East Java,,,ID-JI,,ChIJxbXun_eToy0RULh8yvsLAwE,6/18/2021,-2,19,-5,-22,-15,5
ID,Indonesia,East Java,,,ID-JI,,ChIJxbXun_eToy0RULh8yvsLAwE,6/19/2021,-5,17,-9,-22,-8,4
ID,Indonesia,East Java,,,ID-JI,,ChIJxbXun_eToy0RULh8yvsLAwE,6/20/2021,-3,17,-1,-22,-2,4
ID,Indonesia,East Java,,,ID-JI,,ChIJxbXun_eToy0RULh8yvsLAwE,6/21/2021,-3,15,2,-20,-22,6
ID,Indonesia,East Java,,,ID-JI,,ChIJxbXun_eToy0RULh8yvsLAwE,6/22/2021,-2,18,3,-19,-22,6
ID,Indonesia,East Java,,,ID-JI,,ChIJxbXun_eToy0RULh8yvsLAwE,6/23/2021,-1,21,3,-21,-22,6
ID,Indonesia,East Java,,,ID-JI,,ChIJxbXun_eToy0RULh8yvsLAwE,6/24/2021,-9,10,-6,-26,-22,8
ID,Indonesia,East Java,,,ID-JI,,ChIJxbXun_eToy0RULh8yvsLAwE,6/25/2021,-5,22,-9,-28,-21,7
ID,Indonesia,East Java,,,ID-JI,,ChIJxbXun_eToy0RULh8yvsLAwE,6/26/2021,-7,19,-10,-28,-13,6
ID,Indonesia,East Java,,,ID-JI,,ChIJxbXun_eToy0RULh8yvsLAwE,6/27/2021,-6,17,-8,-30,-2,6
ID,Indonesia,East Java,,,ID-JI,,ChIJxbXun_eToy0RULh8yvsLAwE,6/28/2021,-4,20,0,-26,-25,8
ID,Indonesia,East Java,,,ID-JI,,ChIJxbXun_eToy0RULh8yvsLAwE,6/29/2021,-5,21,-1,-26,-24,7
ID,Indonesia,East Java,,,ID-JI,,ChIJxbXun_eToy0RULh8yvsLAwE,6/30/2021,-5,25,-4,-28,-25,7
ID,Indonesia,East Java,,,ID-JI,,ChIJxbXun_eToy0RULh8yvsLAwE,7/1/2021,-2,30,0,-28,-24,9
ID,Indonesia,East Java,,,ID-JI,,ChIJxbXun_eToy0RULh8yvsLAwE,7/2/2021,-7,28,-12,-31,-24,10
ID,Indonesia,East Java,,,ID-JI,,ChIJxbXun_eToy0RULh8yvsLAwE,7/3/2021,-16,19,-29,-43,-18,10
ID,Indonesia,East Java,,,ID-JI,,ChIJxbXun_eToy0RULh8yvsLAwE,7/4/2021,-19,14,-39,-49,-10,12
ID,Indonesia,East Java,,,ID-JI,,ChIJxbXun_eToy0RULh8yvsLAwE,7/5/2021,-11,23,-15,-44,-30,12
ID,Indonesia,East Java,,,ID-JI,,ChIJxbXun_eToy0RULh8yvsLAwE,7/6/2021,-13,21,-19,-44,-31,12
ID,Indonesia,East Java,,,ID-JI,,ChIJxbXun_eToy0RULh8yvsLAwE,7/7/2021,-12,24,-21,-45,-31,12
ID,Indonesia,East Java,,,ID-JI,,ChIJxbXun_eToy0RULh8yvsLAwE,7/8/2021,-17,16,-22,-47,-31,14
ID,Indonesia,East Java,,,ID-JI,,ChIJxbXun_eToy0RULh8yvsLAwE,7/9/2021,-22,11,-33,-52,-31,15
ID,Indonesia,East Java,,,ID-JI,,ChIJxbXun_eToy0RULh8yvsLAwE,7/10/2021,-25,9,-43,-56,-22,13
ID,Indonesia,East Java,,,ID-JI,,ChIJxbXun_eToy0RULh8yvsLAwE,7/11/2021,-25,7,-47,-59,-12,13
ID,Indonesia,East Java,,,ID-JI,,ChIJxbXun_eToy0RULh8yvsLAwE,7/12/2021,-16,15,-22,-50,-32,13
ID,Indonesia,East Java,,,ID-JI,,ChIJxbXun_eToy0RULh8yvsLAwE,7/13/2021,-18,14,-23,-48,-34,13
ID,Indonesia,East Java,,,ID-JI,,ChIJxbXun_eToy0RULh8yvsLAwE,7/14/2021,-16,17,-26,-47,-33,13
ID,Indonesia,East Java,,,ID-JI,,ChIJxbXun_eToy0RULh8yvsLAwE,7/15/2021,-17,14,-24,-49,-32,14
ID,Indonesia,East Java,,,ID-JI,,ChIJxbXun_eToy0RULh8yvsLAwE,7/16/2021,-22,11,-33,-54,-32,15
ID,Indonesia,East Java,,,ID-JI,,ChIJxbXun_eToy0RULh8yvsLAwE,7/17/2021,-25,9,-42,-56,-23,13
ID,Indonesia,East Java,,,ID-JI,,ChIJxbXun_eToy0RULh8yvsLAwE,7/18/2021,-26,5,-48,-60,-11,14
ID,Indonesia,East Java,,,ID-JI,,ChIJxbXun_eToy0RULh8yvsLAwE,7/19/2021,-13,21,-18,-51,-39,14
ID,Indonesia,East Java,,,ID-JI,,ChIJxbXun_eToy0RULh8yvsLAwE,7/20/2021,-35,-9,-28,-62,-72,21
ID,Indonesia,East Java,,,ID-JI,,ChIJxbXun_eToy0RULh8yvsLAwE,7/21/2021,-16,19,-22,-47,-34,11
ID,Indonesia,East Java,,,ID-JI,,ChIJxbXun_eToy0RULh8yvsLAwE,7/22/2021,-21,16,-20,-46,-32,12
ID,Indonesia,East Java,,,ID-JI,,ChIJxbXun_eToy0RULh8yvsLAwE,7/23/2021,-24,12,-30,-51,-31,13
ID,Indonesia,East Java,,,ID-JI,,ChIJxbXun_eToy0RULh8yvsLAwE,7/24/2021,-26,11,-38,-52,-21,12
ID,Indonesia,East Java,,,ID-JI,,ChIJxbXun_eToy0RULh8yvsLAwE,7/25/2021,-26,9,-43,-55,-11,12
ID,Indonesia,East Java,,,ID-JI,,ChIJxbXun_eToy0RULh8yvsLAwE,7/26/2021,-17,17,-17,-44,-29,11
ID,Indonesia,East Java,,,ID-JI,,ChIJxbXun_eToy0RULh8yvsLAwE,7/27/2021,-18,16,-19,-42,-30,11
ID,Indonesia,East Java,,,ID-JI,,ChIJxbXun_eToy0RULh8yvsLAwE,7/28/2021,-16,20,-19,-41,-29,11
ID,Indonesia,East Java,,,ID-JI,,ChIJxbXun_eToy0RULh8yvsLAwE,7/29/2021,-17,16,-17,-43,-28,11
ID,Indonesia,East Java,,,ID-JI,,ChIJxbXun_eToy0RULh8yvsLAwE,7/30/2021,-20,15,-27,-47,-27,12
ID,Indonesia,East Java,,,ID-JI,,ChIJxbXun_eToy0RULh8yvsLAwE,7/31/2021,-21,16,-34,-48,-17,10
ID,Indonesia,East Java,,,ID-JI,,ChIJxbXun_eToy0RULh8yvsLAwE,8/1/2021,-20,16,-37,-50,-9,10
ID,Indonesia,East Java,,,ID-JI,,ChIJxbXun_eToy0RULh8yvsLAwE,8/2/2021,-13,21,-17,-43,-27,10
ID,Indonesia,East Java,,,ID-JI,,ChIJxbXun_eToy0RULh8yvsLAwE,8/3/2021,-14,20,-20,-38,-28,10
ID,Indonesia,East Java,,,ID-JI,,ChIJxbXun_eToy0RULh8yvsLAwE,8/4/2021,-11,25,-15,-38,-26,9
ID,Indonesia,East Java,,,ID-JI,,ChIJxbXun_eToy0RULh8yvsLAwE,8/5/2021,-11,23,-13,-38,-26,10
ID,Indonesia,East Java,,,ID-JI,,ChIJxbXun_eToy0RULh8yvsLAwE,8/6/2021,-15,19,-22,-42,-25,10
ID,Indonesia,East Java,,,ID-JI,,ChIJxbXun_eToy0RULh8yvsLAwE,8/7/2021,-16,19,-29,-42,-16,8
